age_cat,race_cat,date,all_cause_rate,all_cause_var
65 and over,Non-Hispanic American Indian or Alaska Native,2018-01-01,384.83231771970105,2.6104590772149687
65 and over,Non-Hispanic American Indian or Alaska Native,2018-02-01,291.0784877413714,1.9665561366538644
65 and over,Non-Hispanic American Indian or Alaska Native,2018-03-01,335.5219863729111,2.268153617517139
65 and over,Non-Hispanic American Indian or Alaska Native,2018-04-01,291.98727234118354,1.9630090094838109
65 and over,Non-Hispanic American Indian or Alaska Native,2018-05-01,285.13760925081556,1.8892959789971824
65 and over,Non-Hispanic American Indian or Alaska Native,2018-06-01,280.24295173382876,1.85586279559491
65 and over,Non-Hispanic American Indian or Alaska Native,2018-07-01,299.336062871526,1.9800208234245222
65 and over,Non-Hispanic American Indian or Alaska Native,2018-08-01,260.061144756344,1.6830473556839172
65 and over,Non-Hispanic American Indian or Alaska Native,2018-09-01,276.74942895477886,1.8131414251693083
65 and over,Non-Hispanic American Indian or Alaska Native,2018-10-01,271.3328961126431,1.7460996891793756
65 and over,Non-Hispanic American Indian or Alaska Native,2018-11-01,288.53435472977014,1.8916823224014043
65 and over,Non-Hispanic American Indian or Alaska Native,2018-12-01,310.7488171301249,2.0346485729621686
65 and over,Non-Hispanic American Indian or Alaska Native,2019-01-01,330.6299523716204,2.14152927934809
65 and over,Non-Hispanic American Indian or Alaska Native,2019-02-01,300.8873377204892,1.9183526990953415
65 and over,Non-Hispanic American Indian or Alaska Native,2019-03-01,305.7616742561925,1.9524517838816637
65 and over,Non-Hispanic American Indian or Alaska Native,2019-04-01,304.1421580522206,1.9175309588177625
65 and over,Non-Hispanic American Indian or Alaska Native,2019-05-01,286.72799812691466,1.8253820452699243
65 and over,Non-Hispanic American Indian or Alaska Native,2019-06-01,265.05513986924745,1.6644358403033046
65 and over,Non-Hispanic American Indian or Alaska Native,2019-07-01,265.8412226910292,1.683748171833648
65 and over,Non-Hispanic American Indian or Alaska Native,2019-08-01,261.91516552688785,1.6473966617103468
65 and over,Non-Hispanic American Indian or Alaska Native,2019-09-01,269.575578370932,1.6741318004049692
65 and over,Non-Hispanic American Indian or Alaska Native,2019-10-01,289.9615214969048,1.7833287550166927
65 and over,Non-Hispanic American Indian or Alaska Native,2019-11-01,283.88615181980464,1.7585873954719384
65 and over,Non-Hispanic American Indian or Alaska Native,2019-12-01,294.84977035747795,1.802119726615637
65 and over,Non-Hispanic American Indian or Alaska Native,2020-01-01,334.93420278807736,2.061565992182609
65 and over,Non-Hispanic American Indian or Alaska Native,2020-02-01,284.85295899232233,1.72271766033434
65 and over,Non-Hispanic American Indian or Alaska Native,2020-03-01,315.54559329041035,1.9052448471171712
65 and over,Non-Hispanic American Indian or Alaska Native,2020-04-01,361.88095496069144,2.1826086471811266
65 and over,Non-Hispanic American Indian or Alaska Native,2020-05-01,356.30201255463817,2.1347908928054795
65 and over,Non-Hispanic American Indian or Alaska Native,2020-06-01,334.0365227213708,1.9749051691688204
65 and over,Non-Hispanic American Indian or Alaska Native,2020-07-01,339.44790277922925,1.9700246850552627
65 and over,Non-Hispanic American Indian or Alaska Native,2020-08-01,346.6455856346397,2.031094562539837
65 and over,Non-Hispanic American Indian or Alaska Native,2020-09-01,330.8187365629832,1.9236887135169498
65 and over,Non-Hispanic American Indian or Alaska Native,2020-10-01,387.62807722582664,2.247960514810705
65 and over,Non-Hispanic American Indian or Alaska Native,2020-11-01,454.171871666666,2.58540710452835
65 and over,Non-Hispanic American Indian or Alaska Native,2020-12-01,558.9526947202053,3.1869186827774088
65 and over,Non-Hispanic American Indian or Alaska Native,2021-01-01,518.4625655668701,2.940615801351002
65 and over,Non-Hispanic American Indian or Alaska Native,2021-02-01,352.16205905857794,1.9690628571985413
65 and over,Non-Hispanic American Indian or Alaska Native,2021-03-01,314.00245808268875,1.7952757843771365
65 and over,Non-Hispanic American Indian or Alaska Native,2021-04-01,285.6611922944392,1.594432010382395
65 and over,Non-Hispanic American Indian or Alaska Native,2021-05-01,287.48005220130045,1.5924177346796013
65 and over,Non-Hispanic American Indian or Alaska Native,2021-06-01,289.52442465939555,1.6023884016656207
65 and over,Non-Hispanic American Indian or Alaska Native,2021-07-01,294.07229081519205,1.6218285706508457
65 and over,Non-Hispanic American Indian or Alaska Native,2021-08-01,358.30895656237465,1.9870990611594674
65 and over,Non-Hispanic American Indian or Alaska Native,2021-09-01,369.1496406839458,2.045877831917045
65 and over,Non-Hispanic American Indian or Alaska Native,2021-10-01,382.4493111870222,2.1304130186308483
65 and over,Non-Hispanic American Indian or Alaska Native,2021-11-01,363.39085582403754,2.067714545089211
65 and over,Non-Hispanic American Indian or Alaska Native,2021-12-01,365.1393452515343,2.0903888408788935
65 and over,Non-Hispanic American Indian or Alaska Native,2022-01-01,441.4927431769206,2.5398178171809875
65 and over,Non-Hispanic American Indian or Alaska Native,2022-02-01,365.40343328398143,2.1094809192472566
65 and over,Non-Hispanic Asian,2018-01-01,252.26884904740066,0.19261886026515812
65 and over,Non-Hispanic Asian,2018-02-01,202.61551411970368,0.15360500439624514
65 and over,Non-Hispanic Asian,2018-03-01,218.40484732177896,0.16530730792522894
65 and over,Non-Hispanic Asian,2018-04-01,196.5658135770705,0.1472264187971191
65 and over,Non-Hispanic Asian,2018-05-01,192.85388842383074,0.14443177944321275
65 and over,Non-Hispanic Asian,2018-06-01,180.85194244726281,0.1342511653583349
65 and over,Non-Hispanic Asian,2018-07-01,185.96288993152518,0.13758830549318238
65 and over,Non-Hispanic Asian,2018-08-01,179.56531157554485,0.13238298894154785
65 and over,Non-Hispanic Asian,2018-09-01,177.92726073397725,0.13056009960454884
65 and over,Non-Hispanic Asian,2018-10-01,190.02247010660537,0.13823821741822806
65 and over,Non-Hispanic Asian,2018-11-01,197.65958528436514,0.14373775667713132
65 and over,Non-Hispanic Asian,2018-12-01,210.78561541934323,0.15236116064407837
65 and over,Non-Hispanic Asian,2019-01-01,213.88443913629638,0.1542174768425706
65 and over,Non-Hispanic Asian,2019-02-01,201.8689425251883,0.14481738798255103
65 and over,Non-Hispanic Asian,2019-03-01,218.72218852456,0.1559241420837013
65 and over,Non-Hispanic Asian,2019-04-01,191.20737374755848,0.1354730496060444
65 and over,Non-Hispanic Asian,2019-05-01,188.1402446457614,0.1326652297590832
65 and over,Non-Hispanic Asian,2019-06-01,179.08893086431246,0.1253317414301096
65 and over,Non-Hispanic Asian,2019-07-01,180.83719911732018,0.1258250486657172
65 and over,Non-Hispanic Asian,2019-08-01,175.81844955332804,0.1219477798752446
65 and over,Non-Hispanic Asian,2019-09-01,171.95922683260972,0.11888797437907216
65 and over,Non-Hispanic Asian,2019-10-01,191.15864173033773,0.13192647069305966
65 and over,Non-Hispanic Asian,2019-11-01,195.8053837380865,0.13416149922447845
65 and over,Non-Hispanic Asian,2019-12-01,210.70018503355558,0.14344105359694542
65 and over,Non-Hispanic Asian,2020-01-01,221.98207516171746,0.14975641235746157
65 and over,Non-Hispanic Asian,2020-02-01,205.30373233767344,0.13853928785096223
65 and over,Non-Hispanic Asian,2020-03-01,236.58998629028105,0.1587455686129919
65 and over,Non-Hispanic Asian,2020-04-01,341.8016573178126,0.22782437665938784
65 and over,Non-Hispanic Asian,2020-05-01,243.82448559974694,0.16168495649780637
65 and over,Non-Hispanic Asian,2020-06-01,202.7147607871365,0.13423892633779808
65 and over,Non-Hispanic Asian,2020-07-01,213.3727009914397,0.14034137097666033
65 and over,Non-Hispanic Asian,2020-08-01,220.46418915464542,0.14440773735776585
65 and over,Non-Hispanic Asian,2020-09-01,201.13890491521045,0.1309193090744332
65 and over,Non-Hispanic Asian,2020-10-01,205.98219520622945,0.13355567557084433
65 and over,Non-Hispanic Asian,2020-11-01,231.50719552739974,0.14946548614824948
65 and over,Non-Hispanic Asian,2020-12-01,334.51868695671817,0.21463235781511258
65 and over,Non-Hispanic Asian,2021-01-01,385.53044326620125,0.2466517574344983
65 and over,Non-Hispanic Asian,2021-02-01,262.50760818593653,0.16677870384773963
65 and over,Non-Hispanic Asian,2021-03-01,233.74834999465702,0.1480835580153193
65 and over,Non-Hispanic Asian,2021-04-01,199.81480867197658,0.12572406344817594
65 and over,Non-Hispanic Asian,2021-05-01,193.66610602256262,0.12135976946842655
65 and over,Non-Hispanic Asian,2021-06-01,176.95883359166197,0.11069739439725143
65 and over,Non-Hispanic Asian,2021-07-01,189.49718162787255,0.1185341954117393
65 and over,Non-Hispanic Asian,2021-08-01,203.81339169465969,0.12872650953675074
65 and over,Non-Hispanic Asian,2021-09-01,208.8609972333937,0.1323645285648722
65 and over,Non-Hispanic Asian,2021-10-01,217.08017855934432,0.13804893844525407
65 and over,Non-Hispanic Asian,2021-11-01,212.44225644978468,0.135926165751477
65 and over,Non-Hispanic Asian,2021-12-01,236.38399622497911,0.1519414342258198
65 and over,Non-Hispanic Asian,2022-01-01,309.43480229239043,0.19983747150401612
65 and over,Non-Hispanic Asian,2022-02-01,242.75736348241918,0.1573948815828349
65 and over,Non-Hispanic Black,2018-01-01,479.5436409425336,0.18547023661235476
65 and over,Non-Hispanic Black,2018-02-01,396.9093634652846,0.15306049270119584
65 and over,Non-Hispanic Black,2018-03-01,407.60378261289907,0.15644006138628078
65 and over,Non-Hispanic Black,2018-04-01,376.70095780662353,0.14412936358927947
65 and over,Non-Hispanic Black,2018-05-01,369.37045473855835,0.14082395940261477
65 and over,Non-Hispanic Black,2018-06-01,355.8490469688061,0.13523692287112252
65 and over,Non-Hispanic Black,2018-07-01,363.3223702478377,0.13736615611085265
65 and over,Non-Hispanic Black,2018-08-01,367.0923063705805,0.13873096008603966
65 and over,Non-Hispanic Black,2018-09-01,356.9292892376881,0.13403547789859127
65 and over,Non-Hispanic Black,2018-10-01,381.0975409279427,0.1429205199210129
65 and over,Non-Hispanic Black,2018-11-01,382.28536583134905,0.14286593834487957
65 and over,Non-Hispanic Black,2018-12-01,410.5965510403078,0.15313347455315549
65 and over,Non-Hispanic Black,2019-01-01,418.1133729833089,0.15564642374434073
65 and over,Non-Hispanic Black,2019-02-01,376.524275963689,0.1393296091689181
65 and over,Non-Hispanic Black,2019-03-01,412.4822282569378,0.15235173313212358
65 and over,Non-Hispanic Black,2019-04-01,373.49158356226985,0.13741314857579998
65 and over,Non-Hispanic Black,2019-05-01,374.5581500586291,0.1376071463119678
65 and over,Non-Hispanic Black,2019-06-01,356.0849610291293,0.13012130721262644
65 and over,Non-Hispanic Black,2019-07-01,359.98933858153976,0.1313485660977471
65 and over,Non-Hispanic Black,2019-08-01,357.8576143061859,0.13011182774613403
65 and over,Non-Hispanic Black,2019-09-01,355.21629178757104,0.1287566569180306
65 and over,Non-Hispanic Black,2019-10-01,378.0802460298577,0.1365600463098067
65 and over,Non-Hispanic Black,2019-11-01,384.99731429884514,0.13864786503566315
65 and over,Non-Hispanic Black,2019-12-01,411.365757946725,0.14822109465989838
65 and over,Non-Hispanic Black,2020-01-01,416.53926415935626,0.14916725949893933
65 and over,Non-Hispanic Black,2020-02-01,388.6659505435602,0.13870349148566025
65 and over,Non-Hispanic Black,2020-03-01,465.1507549441948,0.16602793477926686
65 and over,Non-Hispanic Black,2020-04-01,732.675332457662,0.26199931062019877
65 and over,Non-Hispanic Black,2020-05-01,523.7884668231745,0.18564542917664556
65 and over,Non-Hispanic Black,2020-06-01,418.28018441841465,0.14752497181420302
65 and over,Non-Hispanic Black,2020-07-01,472.1560324820948,0.16559057785698558
65 and over,Non-Hispanic Black,2020-08-01,471.22597772003724,0.16504265342951568
65 and over,Non-Hispanic Black,2020-09-01,412.5445679734286,0.1438064418341647
65 and over,Non-Hispanic Black,2020-10-01,427.76052368801044,0.14891435450795548
65 and over,Non-Hispanic Black,2020-11-01,468.2699179598015,0.1625930945620712
65 and over,Non-Hispanic Black,2020-12-01,584.0292284120169,0.20286384721980463
65 and over,Non-Hispanic Black,2021-01-01,617.0582002604374,0.21325705851502227
65 and over,Non-Hispanic Black,2021-02-01,480.9901912611659,0.1655109113056681
65 and over,Non-Hispanic Black,2021-03-01,428.22526024940424,0.14656253471549055
65 and over,Non-Hispanic Black,2021-04-01,402.45987491983806,0.13704766776314206
65 and over,Non-Hispanic Black,2021-05-01,396.166937096913,0.13454088604588874
65 and over,Non-Hispanic Black,2021-06-01,361.94415085830235,0.12248348586860844
65 and over,Non-Hispanic Black,2021-07-01,381.4768088937018,0.12945742797916546
65 and over,Non-Hispanic Black,2021-08-01,456.4350147497124,0.15485793839727807
65 and over,Non-Hispanic Black,2021-09-01,447.17375720910326,0.1519343884590343
65 and over,Non-Hispanic Black,2021-10-01,415.15708261443126,0.14167610724960078
65 and over,Non-Hispanic Black,2021-11-01,401.8317120279365,0.1382037320147157
65 and over,Non-Hispanic Black,2021-12-01,416.2635641016593,0.14356125926708047
65 and over,Non-Hispanic Black,2022-01-01,609.2221497617995,0.21184646540627083
65 and over,Non-Hispanic Black,2022-02-01,434.20692561899375,0.15101794031918758
65 and over,Hispanic,2018-01-01,318.75561920652257,0.13069598633363635
65 and over,Hispanic,2018-02-01,260.84948166576095,0.1062650366537304
65 and over,Hispanic,2018-03-01,273.2772193401795,0.11124293489534136
65 and over,Hispanic,2018-04-01,252.18089521433782,0.10199524445119956
65 and over,Hispanic,2018-05-01,244.33183361041682,0.0986881441678492
65 and over,Hispanic,2018-06-01,236.42075931678482,0.09498064915806399
65 and over,Hispanic,2018-07-01,237.66010813809172,0.09527713505910543
65 and over,Hispanic,2018-08-01,238.65414764391645,0.09532892531913378
65 and over,Hispanic,2018-09-01,229.82621839665157,0.09146226636932399
65 and over,Hispanic,2018-10-01,244.1634819988568,0.0967122798525618
65 and over,Hispanic,2018-11-01,248.92577393810697,0.09839482274074043
65 and over,Hispanic,2018-12-01,269.38208616149603,0.10587594246815661
65 and over,Hispanic,2019-01-01,282.9038932957762,0.11096231196219511
65 and over,Hispanic,2019-02-01,250.0180201636692,0.09770171886709361
65 and over,Hispanic,2019-03-01,274.4445829875035,0.1068627136965274
65 and over,Hispanic,2019-04-01,251.61216243792322,0.09770326349217469
65 and over,Hispanic,2019-05-01,255.84569595491564,0.09889745524450684
65 and over,Hispanic,2019-06-01,236.22913131461203,0.09082919331284657
65 and over,Hispanic,2019-07-01,239.86797796376754,0.09177558646945057
65 and over,Hispanic,2019-08-01,234.89637868378043,0.08961512677368802
65 and over,Hispanic,2019-09-01,231.70937931192793,0.0881265213743481
65 and over,Hispanic,2019-10-01,246.68630221533968,0.09333719010562143
65 and over,Hispanic,2019-11-01,248.89840993811254,0.09378289405548366
65 and over,Hispanic,2019-12-01,269.540451799766,0.10105010343746305
65 and over,Hispanic,2020-01-01,283.68239352180825,0.1062604816043712
65 and over,Hispanic,2020-02-01,261.30359149552675,0.09767168701847895
65 and over,Hispanic,2020-03-01,294.623359734888,0.10934136383441134
65 and over,Hispanic,2020-04-01,452.2283773366319,0.16720270059848152
65 and over,Hispanic,2020-05-01,335.5404411680307,0.12302974423641244
65 and over,Hispanic,2020-06-01,294.82831929277575,0.10761696523423409
65 and over,Hispanic,2020-07-01,407.71333006573366,0.14820782023758933
65 and over,Hispanic,2020-08-01,361.5172425793214,0.13078216652451774
65 and over,Hispanic,2020-09-01,289.5313043503588,0.10456571727318349
65 and over,Hispanic,2020-10-01,294.9588119656734,0.10600991586170518
65 and over,Hispanic,2020-11-01,360.6853333049676,0.12936418871036076
65 and over,Hispanic,2020-12-01,498.5730974161249,0.17739256502295028
65 and over,Hispanic,2021-01-01,560.4999946544073,0.19820433626106168
65 and over,Hispanic,2021-02-01,373.7362068901648,0.13145021813653243
65 and over,Hispanic,2021-03-01,310.42349238970627,0.10925630244384038
65 and over,Hispanic,2021-04-01,271.01099971613303,0.09500991863124679
65 and over,Hispanic,2021-05-01,263.2862815514133,0.09169090706280147
65 and over,Hispanic,2021-06-01,243.84221706025457,0.08516207969983011
65 and over,Hispanic,2021-07-01,257.9866131530153,0.0901735688796462
65 and over,Hispanic,2021-08-01,319.8590448133945,0.11204292601841667
65 and over,Hispanic,2021-09-01,323.4500129666805,0.11318860750705527
65 and over,Hispanic,2021-10-01,300.67644197801116,0.1060674323678474
65 and over,Hispanic,2021-11-01,299.1543567194555,0.10622556251631642
65 and over,Hispanic,2021-12-01,320.56929865548096,0.11443379826563367
65 and over,Hispanic,2022-01-01,442.3772420525156,0.15888179660408405
65 and over,Hispanic,2022-02-01,336.6061314691116,0.12120073914679495
65 and over,More than one race,2018-01-01,181.57808891949912,0.8601547427202431
65 and over,More than one race,2018-02-01,151.6086533802876,0.7109738080780248
65 and over,More than one race,2018-03-01,171.3667310589336,0.8024364968565061
65 and over,More than one race,2018-04-01,132.43509535749186,0.6085037081102309
65 and over,More than one race,2018-05-01,152.81090204428088,0.7034199768552949
65 and over,More than one race,2018-06-01,138.37424365783002,0.6312075621843929
65 and over,More than one race,2018-07-01,137.78396526591254,0.628504385337042
65 and over,More than one race,2018-08-01,143.35137265601523,0.6500161092483129
65 and over,More than one race,2018-09-01,137.48961280023727,0.6176543606120213
65 and over,More than one race,2018-10-01,149.34312446044024,0.6695637028352011
65 and over,More than one race,2018-11-01,143.88541338649932,0.6445090502665791
65 and over,More than one race,2018-12-01,155.16623769399416,0.692528021405792
65 and over,More than one race,2019-01-01,142.9555029183899,0.6356535581194827
65 and over,More than one race,2019-02-01,148.4526280357248,0.6475905649006644
65 and over,More than one race,2019-03-01,159.42884052386643,0.7015399493456461
65 and over,More than one race,2019-04-01,129.64886280025897,0.5638838262158224
65 and over,More than one race,2019-05-01,145.38237447023207,0.6309269536970464
65 and over,More than one race,2019-06-01,131.93624679055495,0.5615787697187836
65 and over,More than one race,2019-07-01,139.93938169839666,0.601316946053412
65 and over,More than one race,2019-08-01,136.1266387591383,0.5872327867927415
65 and over,More than one race,2019-09-01,132.35292063047442,0.563793778595092
65 and over,More than one race,2019-10-01,131.81264884014413,0.5565391929299914
65 and over,More than one race,2019-11-01,135.4307815913366,0.5701061742551076
65 and over,More than one race,2019-12-01,162.89667338374227,0.6889192274334159
65 and over,More than one race,2020-01-01,152.24551429580148,0.6367734437381728
65 and over,More than one race,2020-02-01,148.0890606838972,0.6165146681077195
65 and over,More than one race,2020-03-01,151.1401681107311,0.6241124553913923
65 and over,More than one race,2020-04-01,168.47347320742128,0.6887019032295267
65 and over,More than one race,2020-05-01,152.264907561972,0.6193027991423664
65 and over,More than one race,2020-06-01,146.8510744384069,0.6004424174059612
65 and over,More than one race,2020-07-01,153.82796270832029,0.613570893820238
65 and over,More than one race,2020-08-01,156.90345921993315,0.6342068422591194
65 and over,More than one race,2020-09-01,153.87889264398478,0.614608297335049
65 and over,More than one race,2020-10-01,155.3901380967606,0.6213925691469419
65 and over,More than one race,2020-11-01,168.38936678136375,0.6686310235693533
65 and over,More than one race,2020-12-01,214.8965837120054,0.8434663390766849
65 and over,More than one race,2021-01-01,227.0901598208504,0.8904088554212434
65 and over,More than one race,2021-02-01,163.58381263814886,0.6376764000010449
65 and over,More than one race,2021-03-01,152.74439363548527,0.6016728285690224
65 and over,More than one race,2021-04-01,159.16017635158684,0.621372172688168
65 and over,More than one race,2021-05-01,150.858337927368,0.5766921910543097
65 and over,More than one race,2021-06-01,132.2125329829658,0.5008428171237372
65 and over,More than one race,2021-07-01,146.50767958986285,0.5625837036980013
65 and over,More than one race,2021-08-01,161.904619139307,0.6281786137002395
65 and over,More than one race,2021-09-01,165.88422680054038,0.6350569820823765
65 and over,More than one race,2021-10-01,177.78032365451395,0.6913192655453224
65 and over,More than one race,2021-11-01,164.26945500973346,0.6353984271279697
65 and over,More than one race,2021-12-01,167.8626611752262,0.6582560579700061
65 and over,More than one race,2022-01-01,205.75619827852404,0.8104847613414241
65 and over,More than one race,2022-02-01,164.81221540941226,0.6596145932218447
65 and over,Non-Hispanic Native Hawaiian or Other Pacific Islander,2018-01-01,355.6500495842661,12.304399259485363
65 and over,Non-Hispanic Native Hawaiian or Other Pacific Islander,2018-02-01,252.36292440369408,8.564034525336044
65 and over,Non-Hispanic Native Hawaiian or Other Pacific Islander,2018-03-01,329.6981397187864,11.130846922765546
65 and over,Non-Hispanic Native Hawaiian or Other Pacific Islander,2018-04-01,301.2745559979096,10.487258823690368
65 and over,Non-Hispanic Native Hawaiian or Other Pacific Islander,2018-05-01,246.835502953417,8.295405292065618
65 and over,Non-Hispanic Native Hawaiian or Other Pacific Islander,2018-06-01,262.9506224484824,8.82491121578749
65 and over,Non-Hispanic Native Hawaiian or Other Pacific Islander,2018-07-01,279.3789752013775,9.25584675409863
65 and over,Non-Hispanic Native Hawaiian or Other Pacific Islander,2018-08-01,228.85078970930527,7.567062646245009
65 and over,Non-Hispanic Native Hawaiian or Other Pacific Islander,2018-09-01,261.35104862163513,8.781631536675576
65 and over,Non-Hispanic Native Hawaiian or Other Pacific Islander,2018-10-01,267.04954257101036,8.700128650993149
65 and over,Non-Hispanic Native Hawaiian or Other Pacific Islander,2018-11-01,260.2640810999949,8.505688781779046
65 and over,Non-Hispanic Native Hawaiian or Other Pacific Islander,2018-12-01,280.1075561637534,8.990022749254619
65 and over,Non-Hispanic Native Hawaiian or Other Pacific Islander,2019-01-01,295.6915641068978,9.311188096134915
65 and over,Non-Hispanic Native Hawaiian or Other Pacific Islander,2019-02-01,274.66879118677844,8.7277519395214
65 and over,Non-Hispanic Native Hawaiian or Other Pacific Islander,2019-03-01,296.8437865314824,9.270007962347306
65 and over,Non-Hispanic Native Hawaiian or Other Pacific Islander,2019-04-01,297.6321517685422,9.210143888525367
65 and over,Non-Hispanic Native Hawaiian or Other Pacific Islander,2019-05-01,290.6180074255878,9.0525795682735275
65 and over,Non-Hispanic Native Hawaiian or Other Pacific Islander,2019-06-01,250.7796540851659,7.749678545206402
65 and over,Non-Hispanic Native Hawaiian or Other Pacific Islander,2019-07-01,234.72463419897292,7.305549225217513
65 and over,Non-Hispanic Native Hawaiian or Other Pacific Islander,2019-08-01,240.95356021066175,7.1661935735508235
65 and over,Non-Hispanic Native Hawaiian or Other Pacific Islander,2019-09-01,250.6013799142157,7.42569028742402
65 and over,Non-Hispanic Native Hawaiian or Other Pacific Islander,2019-10-01,278.1262832594666,8.316973537193066
65 and over,Non-Hispanic Native Hawaiian or Other Pacific Islander,2019-11-01,289.68446576034313,8.740446720044048
65 and over,Non-Hispanic Native Hawaiian or Other Pacific Islander,2019-12-01,253.40925839108712,7.498389218344628
65 and over,Non-Hispanic Native Hawaiian or Other Pacific Islander,2020-01-01,326.9330363440121,9.553980473071315
65 and over,Non-Hispanic Native Hawaiian or Other Pacific Islander,2020-02-01,315.3275275814571,9.446139110078217
65 and over,Non-Hispanic Native Hawaiian or Other Pacific Islander,2020-03-01,259.34946864613266,7.542779180537927
65 and over,Non-Hispanic Native Hawaiian or Other Pacific Islander,2020-04-01,325.0850045460774,9.757594375758304
65 and over,Non-Hispanic Native Hawaiian or Other Pacific Islander,2020-05-01,263.0828289266981,7.661700198539925
65 and over,Non-Hispanic Native Hawaiian or Other Pacific Islander,2020-06-01,289.3163540890323,8.03996304327573
65 and over,Non-Hispanic Native Hawaiian or Other Pacific Islander,2020-07-01,325.3995761656298,9.24983201144091
65 and over,Non-Hispanic Native Hawaiian or Other Pacific Islander,2020-08-01,318.39663429297696,9.082432379766152
65 and over,Non-Hispanic Native Hawaiian or Other Pacific Islander,2020-09-01,289.3653945738674,8.031881537681569
65 and over,Non-Hispanic Native Hawaiian or Other Pacific Islander,2020-10-01,297.5386949598632,8.531608882218649
65 and over,Non-Hispanic Native Hawaiian or Other Pacific Islander,2020-11-01,342.6513337860197,9.451665050223816
65 and over,Non-Hispanic Native Hawaiian or Other Pacific Islander,2020-12-01,454.96734448968914,12.334859320841504
65 and over,Non-Hispanic Native Hawaiian or Other Pacific Islander,2021-01-01,474.0483392933699,13.078707651917078
65 and over,Non-Hispanic Native Hawaiian or Other Pacific Islander,2021-02-01,343.3593428136375,9.317606239015811
65 and over,Non-Hispanic Native Hawaiian or Other Pacific Islander,2021-03-01,312.7709001336242,8.44916260983532
65 and over,Non-Hispanic Native Hawaiian or Other Pacific Islander,2021-04-01,312.5278684002896,8.498838313321807
65 and over,Non-Hispanic Native Hawaiian or Other Pacific Islander,2021-05-01,273.0454274865636,7.401773797501915
65 and over,Non-Hispanic Native Hawaiian or Other Pacific Islander,2021-06-01,260.8012618058301,6.669056032333795
65 and over,Non-Hispanic Native Hawaiian or Other Pacific Islander,2021-07-01,272.55518617986644,7.348223091846937
65 and over,Non-Hispanic Native Hawaiian or Other Pacific Islander,2021-08-01,346.32716045657486,9.083639967828066
65 and over,Non-Hispanic Native Hawaiian or Other Pacific Islander,2021-09-01,367.7243974086221,9.871309130450701
65 and over,Non-Hispanic Native Hawaiian or Other Pacific Islander,2021-10-01,317.13472198282454,8.413325684367322
65 and over,Non-Hispanic Native Hawaiian or Other Pacific Islander,2021-11-01,287.0954922529447,7.906310148770028
65 and over,Non-Hispanic Native Hawaiian or Other Pacific Islander,2021-12-01,382.1671114640886,10.645388832276437
65 and over,Non-Hispanic Native Hawaiian or Other Pacific Islander,2022-01-01,475.84706066200215,13.277434440507303
65 and over,Non-Hispanic Native Hawaiian or Other Pacific Islander,2022-02-01,384.10860835930583,10.808623832538634
65 and over,Non-Hispanic White,2018-01-01,450.69836792799435,0.01866818227808293
65 and over,Non-Hispanic White,2018-02-01,368.495297096584,0.015253089978745447
65 and over,Non-Hispanic White,2018-03-01,382.2336521382697,0.01579074556583402
65 and over,Non-Hispanic White,2018-04-01,358.4708629368659,0.014789703863122726
65 and over,Non-Hispanic White,2018-05-01,345.1886735696899,0.014226023058935377
65 and over,Non-Hispanic White,2018-06-01,327.827896221889,0.013477743798232623
65 and over,Non-Hispanic White,2018-07-01,334.07491924216237,0.013723514470681814
65 and over,Non-Hispanic White,2018-08-01,333.08260051963765,0.013656646007300157
65 and over,Non-Hispanic White,2018-09-01,326.14582893392713,0.013347828812931629
65 and over,Non-Hispanic White,2018-10-01,353.23905549603563,0.014433870452064044
65 and over,Non-Hispanic White,2018-11-01,353.06756204153896,0.014397949791539025
65 and over,Non-Hispanic White,2018-12-01,377.7066027320693,0.015380951294995048
65 and over,Non-Hispanic White,2019-01-01,391.904854998499,0.015924526685852966
65 and over,Non-Hispanic White,2019-02-01,352.9747270039753,0.014324196100162952
65 and over,Non-Hispanic White,2019-03-01,385.300486831755,0.01559939230417501
65 and over,Non-Hispanic White,2019-04-01,353.9117312146673,0.014317108308314772
65 and over,Non-Hispanic White,2019-05-01,352.91351213335696,0.014250220250778642
65 and over,Non-Hispanic White,2019-06-01,332.977699611242,0.013416770185727546
65 and over,Non-Hispanic White,2019-07-01,335.98190677334543,0.013518219804935363
65 and over,Non-Hispanic White,2019-08-01,334.4051826199426,0.013438243152067007
65 and over,Non-Hispanic White,2019-09-01,327.77336992619905,0.013157519365233773
65 and over,Non-Hispanic White,2019-10-01,353.2893332893996,0.014163661291791202
65 and over,Non-Hispanic White,2019-11-01,354.06796619146206,0.014170543211253153
65 and over,Non-Hispanic White,2019-12-01,379.9122678496394,0.0151975308632614
65 and over,Non-Hispanic White,2020-01-01,391.95175419276114,0.01564159154217847
65 and over,Non-Hispanic White,2020-02-01,360.87463965216415,0.014390042963720711
65 and over,Non-Hispanic White,2020-03-01,391.4067259442818,0.015595582104712341
65 and over,Non-Hispanic White,2020-04-01,439.3355895042566,0.017464381786156512
65 and over,Non-Hispanic White,2020-05-01,388.4334778770697,0.015422671381012984
65 and over,Non-Hispanic White,2020-06-01,343.35329823804216,0.013613676170653712
65 and over,Non-Hispanic White,2020-07-01,373.48955222599614,0.01479962426181864
65 and over,Non-Hispanic White,2020-08-01,379.1966734813017,0.015013010918984807
65 and over,Non-Hispanic White,2020-09-01,361.528758262882,0.014286158008500117
65 and over,Non-Hispanic White,2020-10-01,393.30331491148235,0.015527142094782304
65 and over,Non-Hispanic White,2020-11-01,441.5982791155142,0.01742412242306989
65 and over,Non-Hispanic White,2020-12-01,531.2792834463627,0.02094695396027419
65 and over,Non-Hispanic White,2021-01-01,520.282233369038,0.02047961526855692
65 and over,Non-Hispanic White,2021-02-01,387.0851296400149,0.015200100678351739
65 and over,Non-Hispanic White,2021-03-01,371.4067418735919,0.01456186411552782
65 and over,Non-Hispanic White,2021-04-01,349.0207082117104,0.013655523318491005
65 and over,Non-Hispanic White,2021-05-01,350.2926969957038,0.01368849971528074
65 and over,Non-Hispanic White,2021-06-01,333.24685989539745,0.013004502261074687
65 and over,Non-Hispanic White,2021-07-01,350.8966146606913,0.013713364457940126
65 and over,Non-Hispanic White,2021-08-01,397.4565760319111,0.015536820630170006
65 and over,Non-Hispanic White,2021-09-01,407.0477913538928,0.015931338460908905
65 and over,Non-Hispanic White,2021-10-01,408.7045485891254,0.016031927074799324
65 and over,Non-Hispanic White,2021-11-01,397.47862997756465,0.015634555824334203
65 and over,Non-Hispanic White,2021-12-01,427.58764257502935,0.016831313034487136
65 and over,Non-Hispanic White,2022-01-01,500.8276183443678,0.01976503178365059
65 and over,Non-Hispanic White,2022-02-01,404.026202164264,0.015980021120825548
All ages,Non-Hispanic American Indian or Alaska Native,2018-01-01,77.880733694573,3.8207587646538648
All ages,Non-Hispanic American Indian or Alaska Native,2018-02-01,63.99733054928716,3.090845386451182
All ages,Non-Hispanic American Indian or Alaska Native,2018-03-01,72.15302569651708,3.51784003885903
All ages,Non-Hispanic American Indian or Alaska Native,2018-04-01,64.34434643846188,3.0979958309053117
All ages,Non-Hispanic American Indian or Alaska Native,2018-05-01,65.48694475017004,3.113001248312753
All ages,Non-Hispanic American Indian or Alaska Native,2018-06-01,62.89001662283048,3.008501576766627
All ages,Non-Hispanic American Indian or Alaska Native,2018-07-01,67.79669021366145,3.2329518757423834
All ages,Non-Hispanic American Indian or Alaska Native,2018-08-01,62.137389834909406,2.897895820093327
All ages,Non-Hispanic American Indian or Alaska Native,2018-09-01,61.58510488489185,2.9156166016656795
All ages,Non-Hispanic American Indian or Alaska Native,2018-10-01,62.53145003452227,2.921131801192698
All ages,Non-Hispanic American Indian or Alaska Native,2018-11-01,63.510440336721295,2.995594636151577
All ages,Non-Hispanic American Indian or Alaska Native,2018-12-01,69.2970875100815,3.2782724969469177
All ages,Non-Hispanic American Indian or Alaska Native,2019-01-01,73.32668320675815,3.46083022467065
All ages,Non-Hispanic American Indian or Alaska Native,2019-02-01,65.25373403868775,3.0351143885518224
All ages,Non-Hispanic American Indian or Alaska Native,2019-03-01,69.49260380623927,3.2316989747354463
All ages,Non-Hispanic American Indian or Alaska Native,2019-04-01,66.20301684478,3.0797382354140814
All ages,Non-Hispanic American Indian or Alaska Native,2019-05-01,65.7811227612302,3.053967504759279
All ages,Non-Hispanic American Indian or Alaska Native,2019-06-01,60.621791825601825,2.804145636993911
All ages,Non-Hispanic American Indian or Alaska Native,2019-07-01,63.12579525715838,2.917478413596214
All ages,Non-Hispanic American Indian or Alaska Native,2019-08-01,61.227249620685946,2.849638367346406
All ages,Non-Hispanic American Indian or Alaska Native,2019-09-01,61.166466415383766,2.814481879748229
All ages,Non-Hispanic American Indian or Alaska Native,2019-10-01,65.39897070751945,2.99004584054138
All ages,Non-Hispanic American Indian or Alaska Native,2019-11-01,64.70950640554373,2.95779753409775
All ages,Non-Hispanic American Indian or Alaska Native,2019-12-01,67.69837940871597,3.0439905503784286
All ages,Non-Hispanic American Indian or Alaska Native,2020-01-01,73.863204327387,3.3776853804987286
All ages,Non-Hispanic American Indian or Alaska Native,2020-02-01,65.0955063915155,2.9293944254127746
All ages,Non-Hispanic American Indian or Alaska Native,2020-03-01,71.91352614442039,3.246222238408503
All ages,Non-Hispanic American Indian or Alaska Native,2020-04-01,80.99533916338306,3.6522273454787566
All ages,Non-Hispanic American Indian or Alaska Native,2020-05-01,84.86032414687095,3.7983145877787425
All ages,Non-Hispanic American Indian or Alaska Native,2020-06-01,84.99833607287195,3.768689521595109
All ages,Non-Hispanic American Indian or Alaska Native,2020-07-01,90.73744092653155,3.9781488712460185
All ages,Non-Hispanic American Indian or Alaska Native,2020-08-01,86.49522478799125,3.835787532251027
All ages,Non-Hispanic American Indian or Alaska Native,2020-09-01,80.88006862416137,3.5639026909668727
All ages,Non-Hispanic American Indian or Alaska Native,2020-10-01,92.09274572838542,4.065841970610408
All ages,Non-Hispanic American Indian or Alaska Native,2020-11-01,102.9098339284374,4.504690996986399
All ages,Non-Hispanic American Indian or Alaska Native,2020-12-01,120.84273335723378,5.249923694247537
All ages,Non-Hispanic American Indian or Alaska Native,2021-01-01,120.47777240467845,5.213426850136944
All ages,Non-Hispanic American Indian or Alaska Native,2021-02-01,85.56803659029526,3.6894423768639477
All ages,Non-Hispanic American Indian or Alaska Native,2021-03-01,78.5845542002526,3.4250878555218294
All ages,Non-Hispanic American Indian or Alaska Native,2021-04-01,73.69528518390996,3.180773949914575
All ages,Non-Hispanic American Indian or Alaska Native,2021-05-01,77.38429378486437,3.310986787786486
All ages,Non-Hispanic American Indian or Alaska Native,2021-06-01,76.94971699785523,3.2931714696498995
All ages,Non-Hispanic American Indian or Alaska Native,2021-07-01,78.90653005321484,3.393576271347659
All ages,Non-Hispanic American Indian or Alaska Native,2021-08-01,98.48327275709426,4.26440605373641
All ages,Non-Hispanic American Indian or Alaska Native,2021-09-01,100.11162067957049,4.317449242158148
All ages,Non-Hispanic American Indian or Alaska Native,2021-10-01,99.44452164882253,4.299410047626608
All ages,Non-Hispanic American Indian or Alaska Native,2021-11-01,90.16785103745798,3.916260304221316
All ages,Non-Hispanic American Indian or Alaska Native,2021-12-01,91.34378035625572,4.00078380176975
All ages,Non-Hispanic American Indian or Alaska Native,2022-01-01,101.2019692341653,4.42150409214385
All ages,Non-Hispanic American Indian or Alaska Native,2022-02-01,83.88267562722731,3.6714475831196505
All ages,Non-Hispanic Asian,2018-01-01,39.12319554986979,0.22844130804181564
All ages,Non-Hispanic Asian,2018-02-01,31.61681036060938,0.18341011344682442
All ages,Non-Hispanic Asian,2018-03-01,34.69825443345917,0.2006190041683262
All ages,Non-Hispanic Asian,2018-04-01,31.254735137491437,0.17887090941456285
All ages,Non-Hispanic Asian,2018-05-01,30.814010340375944,0.17655153488887967
All ages,Non-Hispanic Asian,2018-06-01,29.364067553696056,0.1665013904518848
All ages,Non-Hispanic Asian,2018-07-01,29.978597812735625,0.1698037310336056
All ages,Non-Hispanic Asian,2018-08-01,29.426901826885764,0.1657272168729114
All ages,Non-Hispanic Asian,2018-09-01,28.890519202327447,0.16221811038319384
All ages,Non-Hispanic Asian,2018-10-01,30.637340525625362,0.17100687621736488
All ages,Non-Hispanic Asian,2018-11-01,31.828720291227302,0.177286345984536
All ages,Non-Hispanic Asian,2018-12-01,33.58232589495748,0.18679682487916247
All ages,Non-Hispanic Asian,2019-01-01,34.005328063073414,0.188361187351373
All ages,Non-Hispanic Asian,2019-02-01,32.14609308126815,0.17724451387324616
All ages,Non-Hispanic Asian,2019-03-01,34.21250972525574,0.18807013905090464
All ages,Non-Hispanic Asian,2019-04-01,30.89198654146313,0.16826773350479485
All ages,Non-Hispanic Asian,2019-05-01,30.32105247664203,0.16467962313574544
All ages,Non-Hispanic Asian,2019-06-01,29.102133016538996,0.1571918871079904
All ages,Non-Hispanic Asian,2019-07-01,29.29869359239788,0.1574576051873699
All ages,Non-Hispanic Asian,2019-08-01,28.838508937595492,0.1543941505941649
All ages,Non-Hispanic Asian,2019-09-01,28.093397266403546,0.14988703520411162
All ages,Non-Hispanic Asian,2019-10-01,30.678348893795988,0.16347036584771682
All ages,Non-Hispanic Asian,2019-11-01,31.001269898700134,0.16439270818719304
All ages,Non-Hispanic Asian,2019-12-01,33.805199184789736,0.17811105256284032
All ages,Non-Hispanic Asian,2020-01-01,34.88544247045107,0.18252086434420178
All ages,Non-Hispanic Asian,2020-02-01,32.90641634896996,0.17202010818922012
All ages,Non-Hispanic Asian,2020-03-01,37.725456653751074,0.19611968078934908
All ages,Non-Hispanic Asian,2020-04-01,53.54629202962331,0.27543344121204244
All ages,Non-Hispanic Asian,2020-05-01,39.22462685381349,0.2015344120527142
All ages,Non-Hispanic Asian,2020-06-01,32.955210809042285,0.16903817198604293
All ages,Non-Hispanic Asian,2020-07-01,34.488680329237994,0.17583554404058524
All ages,Non-Hispanic Asian,2020-08-01,35.28205266091257,0.1793340574020392
All ages,Non-Hispanic Asian,2020-09-01,32.831595318221,0.16586756482605472
All ages,Non-Hispanic Asian,2020-10-01,33.44411424858616,0.1682293525345859
All ages,Non-Hispanic Asian,2020-11-01,37.03913906964948,0.18593866150197932
All ages,Non-Hispanic Asian,2020-12-01,52.2709681963584,0.2607614773256461
All ages,Non-Hispanic Asian,2021-01-01,59.78741130023562,0.29738849616402413
All ages,Non-Hispanic Asian,2021-02-01,41.96533168623352,0.207355742681435
All ages,Non-Hispanic Asian,2021-03-01,37.89132473894382,0.1867834557286239
All ages,Non-Hispanic Asian,2021-04-01,33.089422754976646,0.16228420233761062
All ages,Non-Hispanic Asian,2021-05-01,32.43501138499881,0.1581908269480935
All ages,Non-Hispanic Asian,2021-06-01,29.02139452291351,0.14183462582210474
All ages,Non-Hispanic Asian,2021-07-01,31.398117237204456,0.15345191593992233
All ages,Non-Hispanic Asian,2021-08-01,34.44736659818569,0.16915839101353294
All ages,Non-Hispanic Asian,2021-09-01,34.892149501462924,0.17198910802093065
All ages,Non-Hispanic Asian,2021-10-01,35.82453906508153,0.1774427628944099
All ages,Non-Hispanic Asian,2021-11-01,34.550574956555714,0.17215613502736876
All ages,Non-Hispanic Asian,2021-12-01,37.61207211522137,0.18812672914389006
All ages,Non-Hispanic Asian,2022-01-01,47.94560752850698,0.24065577333255433
All ages,Non-Hispanic Asian,2022-02-01,37.80749491111479,0.19040519989241272
All ages,Non-Hispanic Black,2018-01-01,89.35757162646537,0.2515729744358079
All ages,Non-Hispanic Black,2018-02-01,74.46916813762573,0.20937695298761688
All ages,Non-Hispanic Black,2018-03-01,77.7697274841121,0.21703919414047973
All ages,Non-Hispanic Black,2018-04-01,72.72152512833533,0.20212485807279448
All ages,Non-Hispanic Black,2018-05-01,72.0395820871668,0.19980546337470545
All ages,Non-Hispanic Black,2018-06-01,69.5531943443019,0.19221979123116958
All ages,Non-Hispanic Black,2018-07-01,71.47510394042777,0.19658922258297531
All ages,Non-Hispanic Black,2018-08-01,71.54180105123972,0.19691801957542593
All ages,Non-Hispanic Black,2018-09-01,69.67014316792323,0.1910747232213151
All ages,Non-Hispanic Black,2018-10-01,73.51801210789463,0.20151391900181595
All ages,Non-Hispanic Black,2018-11-01,73.47007626365486,0.20119461880080342
All ages,Non-Hispanic Black,2018-12-01,78.20814773962283,0.21386953751244495
All ages,Non-Hispanic Black,2019-01-01,79.3418641881131,0.21653420329636902
All ages,Non-Hispanic Black,2019-02-01,71.85701694681815,0.19530407494635355
All ages,Non-Hispanic Black,2019-03-01,78.67947909831949,0.213942141154794
All ages,Non-Hispanic Black,2019-04-01,72.08372773624754,0.1949745550795613
All ages,Non-Hispanic Black,2019-05-01,73.56329756043594,0.19857299203974632
All ages,Non-Hispanic Black,2019-06-01,70.13771571490297,0.1883939125096135
All ages,Non-Hispanic Black,2019-07-01,71.67333172087508,0.19217057393283657
All ages,Non-Hispanic Black,2019-08-01,70.39246913329575,0.18836586825684512
All ages,Non-Hispanic Black,2019-09-01,69.38367122453893,0.18536362819631136
All ages,Non-Hispanic Black,2019-10-01,73.2057608037947,0.1953136094181159
All ages,Non-Hispanic Black,2019-11-01,74.77520245132673,0.19901432593355114
All ages,Non-Hispanic Black,2019-12-01,79.53830388309599,0.21189163053501986
All ages,Non-Hispanic Black,2020-01-01,80.59929323834486,0.21375082218194288
All ages,Non-Hispanic Black,2020-02-01,75.14239265660457,0.19859645056288475
All ages,Non-Hispanic Black,2020-03-01,88.83739673046578,0.23528891813379899
All ages,Non-Hispanic Black,2020-04-01,131.46354649108665,0.3506769116964205
All ages,Non-Hispanic Black,2020-05-01,100.44316286231262,0.2648863720338178
All ages,Non-Hispanic Black,2020-06-01,84.57621472553957,0.22131344703462713
All ages,Non-Hispanic Black,2020-07-01,95.15896799586153,0.2477831138594242
All ages,Non-Hispanic Black,2020-08-01,93.09387518461921,0.24262361133300656
All ages,Non-Hispanic Black,2020-09-01,82.65593315610177,0.21451531331083348
All ages,Non-Hispanic Black,2020-10-01,85.57858231851183,0.22200257623718375
All ages,Non-Hispanic Black,2020-11-01,90.84395765527336,0.23544925175873668
All ages,Non-Hispanic Black,2020-12-01,110.40810497295737,0.28667263646720215
All ages,Non-Hispanic Black,2021-01-01,116.11897537297217,0.30037144339724386
All ages,Non-Hispanic Black,2021-02-01,92.30637267661967,0.23795150332213394
All ages,Non-Hispanic Black,2021-03-01,86.45312467153663,0.22133185806733074
All ages,Non-Hispanic Black,2021-04-01,84.12692804646564,0.21440208484263593
All ages,Non-Hispanic Black,2021-05-01,83.46857449954902,0.21206808978365946
All ages,Non-Hispanic Black,2021-06-01,76.56546854135802,0.19425426343463523
All ages,Non-Hispanic Black,2021-07-01,81.29711714975777,0.20649053759686822
All ages,Non-Hispanic Black,2021-08-01,99.0945879418597,0.25199798460398815
All ages,Non-Hispanic Black,2021-09-01,97.10229737346295,0.24698635764272978
All ages,Non-Hispanic Black,2021-10-01,87.1523395838256,0.22239584053943381
All ages,Non-Hispanic Black,2021-11-01,80.47741839667655,0.20715031490004226
All ages,Non-Hispanic Black,2021-12-01,82.74021658463681,0.21349803083671506
All ages,Non-Hispanic Black,2022-01-01,114.52295912128068,0.2981192327708582
All ages,Non-Hispanic Black,2022-02-01,81.93044843092862,0.21349112279478877
All ages,Hispanic,2018-01-01,53.472686434038195,0.15419307966523024
All ages,Hispanic,2018-02-01,43.99481207502436,0.125860642233755
All ages,Hispanic,2018-03-01,46.40966989660704,0.13230700115245858
All ages,Hispanic,2018-04-01,42.96307629099123,0.12159055689296976
All ages,Hispanic,2018-05-01,42.56366116953807,0.11925512948389093
All ages,Hispanic,2018-06-01,41.36414719832888,0.11516176037939471
All ages,Hispanic,2018-07-01,41.944985179869946,0.11617185605442097
All ages,Hispanic,2018-08-01,41.712712212931216,0.11560054517232152
All ages,Hispanic,2018-09-01,40.1950860985923,0.11091013855201444
All ages,Hispanic,2018-10-01,42.12655710703456,0.11643751977827284
All ages,Hispanic,2018-11-01,42.82388455203971,0.11823409823115154
All ages,Hispanic,2018-12-01,46.10602970104582,0.12694602673562563
All ages,Hispanic,2019-01-01,48.15060095738818,0.13258890667144352
All ages,Hispanic,2019-02-01,42.722868610366014,0.11706641972421322
All ages,Hispanic,2019-03-01,46.96684511965961,0.12819450939874089
All ages,Hispanic,2019-04-01,43.23357217804185,0.11745223286854432
All ages,Hispanic,2019-05-01,43.876596622587876,0.11881421925688603
All ages,Hispanic,2019-06-01,41.63473189286089,0.11112224685875514
All ages,Hispanic,2019-07-01,42.2249929894672,0.1122438303438296
All ages,Hispanic,2019-08-01,41.69456098108565,0.11024911035004087
All ages,Hispanic,2019-09-01,40.95260272223541,0.10812861069888656
All ages,Hispanic,2019-10-01,42.85031026558924,0.11330734780572592
All ages,Hispanic,2019-11-01,43.27668379789535,0.11395105202138057
All ages,Hispanic,2019-12-01,46.983289025481014,0.12305150721229831
All ages,Hispanic,2020-01-01,48.83775204448881,0.12836895922336816
All ages,Hispanic,2020-02-01,45.01251407691108,0.11803688074956716
All ages,Hispanic,2020-03-01,50.75507298183455,0.13236026022008168
All ages,Hispanic,2020-04-01,76.4593389749223,0.20031508573541876
All ages,Hispanic,2020-05-01,59.48554456211514,0.15214888909072022
All ages,Hispanic,2020-06-01,53.67969655443321,0.1354841925700022
All ages,Hispanic,2020-07-01,71.95889046187163,0.1829728846153324
All ages,Hispanic,2020-08-01,64.68626174818876,0.16295907913810526
All ages,Hispanic,2020-09-01,51.971137481648945,0.13045967850640924
All ages,Hispanic,2020-10-01,52.51866632509044,0.13162989152581
All ages,Hispanic,2020-11-01,62.894371050857096,0.15852300538573588
All ages,Hispanic,2020-12-01,85.83262475726667,0.21596231988349388
All ages,Hispanic,2021-01-01,97.2448540708538,0.24277897102959672
All ages,Hispanic,2021-02-01,65.96142146312634,0.1628472273577322
All ages,Hispanic,2021-03-01,55.78639602439854,0.13689976309030888
All ages,Hispanic,2021-04-01,49.55593156594688,0.12051120264692468
All ages,Hispanic,2021-05-01,48.71491059758748,0.11728322937866627
All ages,Hispanic,2021-06-01,45.77079345326249,0.1099021216441635
All ages,Hispanic,2021-07-01,48.303777806102715,0.11627854409207189
All ages,Hispanic,2021-08-01,61.851320808190266,0.14804067507051336
All ages,Hispanic,2021-09-01,63.63941865571825,0.15163933001871047
All ages,Hispanic,2021-10-01,57.545280574917975,0.13896189316096716
All ages,Hispanic,2021-11-01,54.93301097287788,0.13501931133648515
All ages,Hispanic,2021-12-01,58.30573686649883,0.14443893354639284
All ages,Hispanic,2022-01-01,75.70947505265087,0.19241727286961044
All ages,Hispanic,2022-02-01,57.48806429963593,0.14649997368893022
All ages,More than one race,2018-01-01,33.401173552877964,1.079846071560671
All ages,More than one race,2018-02-01,28.122118382079837,0.8989173203652295
All ages,More than one race,2018-03-01,31.51624590258592,1.0121062935116285
All ages,More than one race,2018-04-01,25.84570003149411,0.7974357926530227
All ages,More than one race,2018-05-01,29.13757530777483,0.9086693978516402
All ages,More than one race,2018-06-01,26.815474202348067,0.8253247541893934
All ages,More than one race,2018-07-01,26.993218849497797,0.8248988858473066
All ages,More than one race,2018-08-01,27.882183608534103,0.8490047139330976
All ages,More than one race,2018-09-01,26.00456601840676,0.7966555764346853
All ages,More than one race,2018-10-01,27.317950260751225,0.8423290430149741
All ages,More than one race,2018-11-01,27.517271286337984,0.8401913286022756
All ages,More than one race,2018-12-01,29.144843919623504,0.8896581757396714
All ages,More than one race,2019-01-01,28.055062184291383,0.8455527876093368
All ages,More than one race,2019-02-01,27.62950572968931,0.8297052678698614
All ages,More than one race,2019-03-01,30.29503348517285,0.9129297963081153
All ages,More than one race,2019-04-01,26.36357825263955,0.7702226424575681
All ages,More than one race,2019-05-01,28.094683000476635,0.8291186513051724
All ages,More than one race,2019-06-01,26.78437680641356,0.766829306481369
All ages,More than one race,2019-07-01,26.64999621059881,0.7803115728185489
All ages,More than one race,2019-08-01,26.44915389960779,0.7754641999005635
All ages,More than one race,2019-09-01,26.51584067741512,0.7636294585786787
All ages,More than one race,2019-10-01,25.544332713553572,0.7344980209652927
All ages,More than one race,2019-11-01,25.64526770608763,0.7426010672147452
All ages,More than one race,2019-12-01,30.168343637738282,0.8804787700286559
All ages,More than one race,2020-01-01,29.659300289969426,0.8466977064359167
All ages,More than one race,2020-02-01,28.310201896744402,0.8094983251360263
All ages,More than one race,2020-03-01,29.4742410036757,0.834794170772633
All ages,More than one race,2020-04-01,32.649831241098425,0.91897545560109
All ages,More than one race,2020-05-01,31.3486302710613,0.8625348263154408
All ages,More than one race,2020-06-01,29.653053517336,0.8238150703754333
All ages,More than one race,2020-07-01,31.738968206929908,0.8593208002658624
All ages,More than one race,2020-08-01,30.568842426485084,0.8477377984634441
All ages,More than one race,2020-09-01,29.606112622002208,0.8152096520927131
All ages,More than one race,2020-10-01,31.977314011209014,0.8675363611150457
All ages,More than one race,2020-11-01,32.50918776864641,0.8882487204697458
All ages,More than one race,2020-12-01,40.32884987784097,1.1090611488566033
All ages,More than one race,2021-01-01,43.25574568144188,1.1860544107895252
All ages,More than one race,2021-02-01,31.676651935991117,0.857558705338087
All ages,More than one race,2021-03-01,31.105330314893905,0.8340652289969319
All ages,More than one race,2021-04-01,31.51986671281694,0.8487708718437676
All ages,More than one race,2021-05-01,30.89534760650409,0.8066567188869853
All ages,More than one race,2021-06-01,28.275991255767742,0.7294344550453348
All ages,More than one race,2021-07-01,31.19061151210427,0.812239890555483
All ages,More than one race,2021-08-01,34.89752464892136,0.9180641749106067
All ages,More than one race,2021-09-01,35.86293773352555,0.9376000377236268
All ages,More than one race,2021-10-01,36.67565408069501,0.9750967959714608
All ages,More than one race,2021-11-01,33.17354262078526,0.8864556030020048
All ages,More than one race,2021-12-01,33.73125727152141,0.9103860932697871
All ages,More than one race,2022-01-01,39.6301832042713,1.0913235268729042
All ages,More than one race,2022-02-01,31.756419872708694,0.8862827387481089
All ages,Non-Hispanic Native Hawaiian or Other Pacific Islander,2018-01-01,70.80922615627694,16.567017365866462
All ages,Non-Hispanic Native Hawaiian or Other Pacific Islander,2018-02-01,50.860991083138764,11.738825117051766
All ages,Non-Hispanic Native Hawaiian or Other Pacific Islander,2018-03-01,63.5635059107688,14.727287338789449
All ages,Non-Hispanic Native Hawaiian or Other Pacific Islander,2018-04-01,59.06602754834954,13.990537632618008
All ages,Non-Hispanic Native Hawaiian or Other Pacific Islander,2018-05-01,53.11173985707953,11.901456068826779
All ages,Non-Hispanic Native Hawaiian or Other Pacific Islander,2018-06-01,57.177947620286574,12.762192854754641
All ages,Non-Hispanic Native Hawaiian or Other Pacific Islander,2018-07-01,56.331904904183965,12.739576377819526
All ages,Non-Hispanic Native Hawaiian or Other Pacific Islander,2018-08-01,50.416564449546904,11.23307323842202
All ages,Non-Hispanic Native Hawaiian or Other Pacific Islander,2018-09-01,56.43131957425877,12.627728211712817
All ages,Non-Hispanic Native Hawaiian or Other Pacific Islander,2018-10-01,53.649291602664654,11.91348757951023
All ages,Non-Hispanic Native Hawaiian or Other Pacific Islander,2018-11-01,50.57520044647529,11.385321744798775
All ages,Non-Hispanic Native Hawaiian or Other Pacific Islander,2018-12-01,55.88406957803591,12.334481198733615
All ages,Non-Hispanic Native Hawaiian or Other Pacific Islander,2019-01-01,62.526872149762816,13.401954438594444
All ages,Non-Hispanic Native Hawaiian or Other Pacific Islander,2019-02-01,54.678904119571605,11.9618816419752
All ages,Non-Hispanic Native Hawaiian or Other Pacific Islander,2019-03-01,61.889224933720186,13.187487756398808
All ages,Non-Hispanic Native Hawaiian or Other Pacific Islander,2019-04-01,60.28066022891133,12.894082300069515
All ages,Non-Hispanic Native Hawaiian or Other Pacific Islander,2019-05-01,60.224941024962796,12.922780917501878
All ages,Non-Hispanic Native Hawaiian or Other Pacific Islander,2019-06-01,53.12674017561352,11.30854134944022
All ages,Non-Hispanic Native Hawaiian or Other Pacific Islander,2019-07-01,51.96306921045337,10.863490677823357
All ages,Non-Hispanic Native Hawaiian or Other Pacific Islander,2019-08-01,51.166563945195364,10.546581901311145
All ages,Non-Hispanic Native Hawaiian or Other Pacific Islander,2019-09-01,51.833358673623984,10.643112983246409
All ages,Non-Hispanic Native Hawaiian or Other Pacific Islander,2019-10-01,58.64077545975646,12.113322743687533
All ages,Non-Hispanic Native Hawaiian or Other Pacific Islander,2019-11-01,58.229822799661164,12.22845996505638
All ages,Non-Hispanic Native Hawaiian or Other Pacific Islander,2019-12-01,55.57020345560259,11.339253850663239
All ages,Non-Hispanic Native Hawaiian or Other Pacific Islander,2020-01-01,64.4063579867741,13.145162083891082
All ages,Non-Hispanic Native Hawaiian or Other Pacific Islander,2020-02-01,59.59659904672127,12.565078362034193
All ages,Non-Hispanic Native Hawaiian or Other Pacific Islander,2020-03-01,58.55540262327957,11.633106189914262
All ages,Non-Hispanic Native Hawaiian or Other Pacific Islander,2020-04-01,67.45272919334045,13.943858428892252
All ages,Non-Hispanic Native Hawaiian or Other Pacific Islander,2020-05-01,64.20865348685143,12.725111371633366
All ages,Non-Hispanic Native Hawaiian or Other Pacific Islander,2020-06-01,62.38294014671052,12.13006795059054
All ages,Non-Hispanic Native Hawaiian or Other Pacific Islander,2020-07-01,77.15968041613608,15.019494111121668
All ages,Non-Hispanic Native Hawaiian or Other Pacific Islander,2020-08-01,68.19715765423084,13.462896710230353
All ages,Non-Hispanic Native Hawaiian or Other Pacific Islander,2020-09-01,62.67243820417324,12.14098772670837
All ages,Non-Hispanic Native Hawaiian or Other Pacific Islander,2020-10-01,69.98235759157222,13.719549096708654
All ages,Non-Hispanic Native Hawaiian or Other Pacific Islander,2020-11-01,71.73736956359257,13.907481122216225
All ages,Non-Hispanic Native Hawaiian or Other Pacific Islander,2020-12-01,93.71837033570708,17.970339449306937
All ages,Non-Hispanic Native Hawaiian or Other Pacific Islander,2021-01-01,95.11368821229595,18.576052954820128
All ages,Non-Hispanic Native Hawaiian or Other Pacific Islander,2021-02-01,70.15948235551082,13.486303355472689
All ages,Non-Hispanic Native Hawaiian or Other Pacific Islander,2021-03-01,72.59510933607739,13.66561412929393
All ages,Non-Hispanic Native Hawaiian or Other Pacific Islander,2021-04-01,67.44328809145789,12.92784911937577
All ages,Non-Hispanic Native Hawaiian or Other Pacific Islander,2021-05-01,60.3631999709315,11.384122621463478
All ages,Non-Hispanic Native Hawaiian or Other Pacific Islander,2021-06-01,63.67833836780781,11.520793664897223
All ages,Non-Hispanic Native Hawaiian or Other Pacific Islander,2021-07-01,68.00583757394394,12.682514071213351
All ages,Non-Hispanic Native Hawaiian or Other Pacific Islander,2021-08-01,94.14919031789549,16.990883665564493
All ages,Non-Hispanic Native Hawaiian or Other Pacific Islander,2021-09-01,94.81298412778376,17.544623361687744
All ages,Non-Hispanic Native Hawaiian or Other Pacific Islander,2021-10-01,77.4188871858135,14.310766357331437
All ages,Non-Hispanic Native Hawaiian or Other Pacific Islander,2021-11-01,72.73938105439225,13.766620740515675
All ages,Non-Hispanic Native Hawaiian or Other Pacific Islander,2021-12-01,82.62980926066757,16.088188726280165
All ages,Non-Hispanic Native Hawaiian or Other Pacific Islander,2022-01-01,94.41189730108735,18.800163901916246
All ages,Non-Hispanic Native Hawaiian or Other Pacific Islander,2022-02-01,74.81318932802213,15.022684817711934
All ages,Non-Hispanic White,2018-01-01,75.75290229719438,0.02748517027615621
All ages,Non-Hispanic White,2018-02-01,62.75748946663863,0.02290483825111214
All ages,Non-Hispanic White,2018-03-01,65.70945415211885,0.024047629680839334
All ages,Non-Hispanic White,2018-04-01,61.68334980012911,0.02258499306592632
All ages,Non-Hispanic White,2018-05-01,60.418933417678865,0.022249674638510755
All ages,Non-Hispanic White,2018-06-01,58.07113901968127,0.021462198250056592
All ages,Non-Hispanic White,2018-07-01,59.3547219403166,0.021972607885993627
All ages,Non-Hispanic White,2018-08-01,58.986762334031674,0.021768745212000465
All ages,Non-Hispanic White,2018-09-01,57.51835487778648,0.021219417384690513
All ages,Non-Hispanic White,2018-10-01,61.52788493680413,0.022542248204346416
All ages,Non-Hispanic White,2018-11-01,60.8836534395006,0.022154187700901426
All ages,Non-Hispanic White,2018-12-01,64.84680844576324,0.02351111379465792
All ages,Non-Hispanic White,2019-01-01,66.99369465708953,0.024215224303406342
All ages,Non-Hispanic White,2019-02-01,60.4107233737827,0.021833943653022526
All ages,Non-Hispanic White,2019-03-01,66.13196460818878,0.023905711253175053
All ages,Non-Hispanic White,2019-04-01,61.194741955,0.022215894100682636
All ages,Non-Hispanic White,2019-05-01,61.51617926049803,0.022391231681852152
All ages,Non-Hispanic White,2019-06-01,58.45117687520018,0.02134568489248557
All ages,Non-Hispanic White,2019-07-01,59.4367477926727,0.021746652127619396
All ages,Non-Hispanic White,2019-08-01,58.916188930004495,0.021521373687537974
All ages,Non-Hispanic White,2019-09-01,57.56729677333582,0.021005500962047632
All ages,Non-Hispanic White,2019-10-01,61.41398630627219,0.022278446449896978
All ages,Non-Hispanic White,2019-11-01,61.3933920440434,0.022201940427625196
All ages,Non-Hispanic White,2019-12-01,65.45695603648296,0.023594029802740665
All ages,Non-Hispanic White,2020-01-01,67.54023931281729,0.024333828180986953
All ages,Non-Hispanic White,2020-02-01,62.401074316852856,0.022491579887443446
All ages,Non-Hispanic White,2020-03-01,67.62683465834543,0.02438581506432441
All ages,Non-Hispanic White,2020-04-01,74.32895409860387,0.02657022811793299
All ages,Non-Hispanic White,2020-05-01,68.4231346830515,0.024935147969898777
All ages,Non-Hispanic White,2020-06-01,61.75652986274626,0.022661327613832424
All ages,Non-Hispanic White,2020-07-01,66.97838764287519,0.024542093437562217
All ages,Non-Hispanic White,2020-08-01,67.46964050890415,0.024615127231205697
All ages,Non-Hispanic White,2020-09-01,64.01148065815454,0.0232936720660471
All ages,Non-Hispanic White,2020-10-01,68.54218567701182,0.024733586928302794
All ages,Non-Hispanic White,2020-11-01,75.13770831057106,0.026847047362997884
All ages,Non-Hispanic White,2020-12-01,88.67438386327655,0.031314817515376604
All ages,Non-Hispanic White,2021-01-01,87.81190741653391,0.03115792339122895
All ages,Non-Hispanic White,2021-02-01,67.38127450540213,0.02420839731637792
All ages,Non-Hispanic White,2021-03-01,66.62176465114665,0.024311172893784934
All ages,Non-Hispanic White,2021-04-01,63.539796956970434,0.023286682322372337
All ages,Non-Hispanic White,2021-05-01,64.04761053546504,0.023513942670164083
All ages,Non-Hispanic White,2021-06-01,61.33583827810798,0.02260955606457089
All ages,Non-Hispanic White,2021-07-01,64.27202101180006,0.023669825744617908
All ages,Non-Hispanic White,2021-08-01,74.04181859458006,0.027329034606166147
All ages,Non-Hispanic White,2021-09-01,76.50461228440047,0.02829667728801679
All ages,Non-Hispanic White,2021-10-01,74.36581593413484,0.027231480214164872
All ages,Non-Hispanic White,2021-11-01,70.35173349815162,0.025455068519418707
All ages,Non-Hispanic White,2021-12-01,75.09509014259956,0.027025623120364384
All ages,Non-Hispanic White,2022-01-01,85.45846110269306,0.03030897681723758
All ages,Non-Hispanic White,2022-02-01,68.37511492022998,0.024246099810758107
Under 65,Non-Hispanic American Indian or Alaska Native,2018-01-01,33.47449391498589,1.2102996874388958
Under 65,Non-Hispanic American Indian or Alaska Native,2018-02-01,31.1458293989549,1.1242892497973176
Under 65,Non-Hispanic American Indian or Alaska Native,2018-03-01,34.05182072818177,1.249686421341891
Under 65,Non-Hispanic American Indian or Alaska Native,2018-04-01,31.411575024793272,1.1349868214215009
Under 65,Non-Hispanic American Indian or Alaska Native,2018-05-01,33.710402183890835,1.2237052693155708
Under 65,Non-Hispanic American Indian or Alaska Native,2018-06-01,31.445883229643957,1.1526387811717174
Under 65,Non-Hispanic American Indian or Alaska Native,2018-07-01,34.300225507948745,1.2529310523178612
Under 65,Non-Hispanic American Indian or Alaska Native,2018-08-01,33.50404771670109,1.2148484644094102
Under 65,Non-Hispanic American Indian or Alaska Native,2018-09-01,30.45759467182184,1.102475176496371
Under 65,Non-Hispanic American Indian or Alaska Native,2018-10-01,32.324448137732844,1.175032112013322
Under 65,Non-Hispanic American Indian or Alaska Native,2018-11-01,30.95655751375142,1.1039123137501727
Under 65,Non-Hispanic American Indian or Alaska Native,2018-12-01,34.36661652145174,1.243623923984749
Under 65,Non-Hispanic American Indian or Alaska Native,2019-01-01,36.10299301830434,1.3193009453225604
Under 65,Non-Hispanic American Indian or Alaska Native,2019-02-01,31.1649628780682,1.116761689456481
Under 65,Non-Hispanic American Indian or Alaska Native,2019-03-01,35.31190059135737,1.2792471908537826
Under 65,Non-Hispanic American Indian or Alaska Native,2019-04-01,31.780706919376,1.162207276596319
Under 65,Non-Hispanic American Indian or Alaska Native,2019-05-01,33.81705925199631,1.2285854594893548
Under 65,Non-Hispanic American Indian or Alaska Native,2019-06-01,31.046716326311525,1.1397097966906067
Under 65,Non-Hispanic American Indian or Alaska Native,2019-07-01,33.79924883701337,1.233730241762566
Under 65,Non-Hispanic American Indian or Alaska Native,2019-08-01,32.19402034806272,1.202241705636059
Under 65,Non-Hispanic American Indian or Alaska Native,2019-09-01,31.016222926197948,1.14035007934326
Under 65,Non-Hispanic American Indian or Alaska Native,2019-10-01,32.911832686909605,1.2067170855246871
Under 65,Non-Hispanic American Indian or Alaska Native,2019-11-01,33.001539491926344,1.1992101386258114
Under 65,Non-Hispanic American Indian or Alaska Native,2019-12-01,34.83671764282749,1.2418708237627918
Under 65,Non-Hispanic American Indian or Alaska Native,2020-01-01,36.09444221475174,1.3161193883161197
Under 65,Non-Hispanic American Indian or Alaska Native,2020-02-01,33.30351494590757,1.2066767650784347
Under 65,Non-Hispanic American Indian or Alaska Native,2020-03-01,36.667628893094786,1.3409773912913319
Under 65,Non-Hispanic American Indian or Alaska Native,2020-04-01,40.360025143595585,1.46961869829763
Under 65,Non-Hispanic American Indian or Alaska Native,2020-05-01,45.59124938417311,1.663523694973263
Under 65,Non-Hispanic American Indian or Alaska Native,2020-06-01,48.970343366108494,1.7937843524262886
Under 65,Non-Hispanic American Indian or Alaska Native,2020-07-01,54.7568596899199,2.0081241861907557
Under 65,Non-Hispanic American Indian or Alaska Native,2020-08-01,48.85964998165087,1.8046929697111902
Under 65,Non-Hispanic American Indian or Alaska Native,2020-09-01,44.72180459717613,1.640213977449923
Under 65,Non-Hispanic American Indian or Alaska Native,2020-10-01,49.33807861860176,1.8178814557997027
Under 65,Non-Hispanic American Indian or Alaska Native,2020-11-01,52.09326517604016,1.919283892458049
Under 65,Non-Hispanic American Indian or Alaska Native,2020-12-01,57.46200165031703,2.063005011470128
Under 65,Non-Hispanic American Indian or Alaska Native,2021-01-01,62.901890495097255,2.2728110487859414
Under 65,Non-Hispanic American Indian or Alaska Native,2021-02-01,47.000266617288496,1.7203795196654064
Under 65,Non-Hispanic American Indian or Alaska Native,2021-03-01,44.52698801627927,1.629812071144693
Under 65,Non-Hispanic American Indian or Alaska Native,2021-04-01,43.03048530629374,1.5863419395321796
Under 65,Non-Hispanic American Indian or Alaska Native,2021-05-01,46.99004560222356,1.7185690531068847
Under 65,Non-Hispanic American Indian or Alaska Native,2021-06-01,46.19684282887478,1.6907830679842788
Under 65,Non-Hispanic American Indian or Alaska Native,2021-07-01,47.7788119959871,1.7717477006968134
Under 65,Non-Hispanic American Indian or Alaska Native,2021-08-01,60.89466850669906,2.277306992576943
Under 65,Non-Hispanic American Indian or Alaska Native,2021-09-01,61.19028113319556,2.271571410241102
Under 65,Non-Hispanic American Indian or Alaska Native,2021-10-01,58.502629842275965,2.16899702899576
Under 65,Non-Hispanic American Indian or Alaska Native,2021-11-01,50.64107582179758,1.8485457591321046
Under 65,Non-Hispanic American Indian or Alaska Native,2021-12-01,51.73417370137711,1.9103949608908564
Under 65,Non-Hispanic American Indian or Alaska Native,2022-01-01,51.97259727807783,1.8816862749628631
Under 65,Non-Hispanic American Indian or Alaska Native,2022-02-01,43.15547655724805,1.5619666638723937
Under 65,Non-Hispanic Asian,2018-01-01,8.287723476158945,0.03582244777665753
Under 65,Non-Hispanic Asian,2018-02-01,6.878676282424258,0.029805109050579284
Under 65,Non-Hispanic Asian,2018-03-01,8.121688494571869,0.03531169624309725
Under 65,Non-Hispanic Asian,2018-04-01,7.339421552371988,0.03164449061744375
Under 65,Non-Hispanic Asian,2018-05-01,7.371936558994506,0.03211975544566691
Under 65,Non-Hispanic Asian,2018-06-01,7.448536745837045,0.032250225093549904
Under 65,Non-Hispanic Asian,2018-07-01,7.412576856449928,0.03221542554042321
Under 65,Non-Hispanic Asian,2018-08-01,7.70659618129227,0.033344227931363525
Under 65,Non-Hispanic Asian,2018-09-01,7.329590297393028,0.03165801077864502
Under 65,Non-Hispanic Asian,2018-10-01,7.579325353779377,0.03276865879913682
Under 65,Non-Hispanic Asian,2018-11-01,7.838209940452298,0.03354858930740468
Under 65,Non-Hispanic Asian,2018-12-01,7.946583406958807,0.03443566423508408
Under 65,Non-Hispanic Asian,2019-01-01,7.982478358532976,0.03414371050880241
Under 65,Non-Hispanic Asian,2019-02-01,7.5925349935389255,0.03242712589069512
Under 65,Non-Hispanic Asian,2019-03-01,7.519762514197958,0.032145996967203314
Under 65,Non-Hispanic Asian,2019-04-01,7.699392350294411,0.032794683898750475
Under 65,Non-Hispanic Asian,2019-05-01,7.4895791954716,0.03201439337666224
Under 65,Non-Hispanic Asian,2019-06-01,7.403760844413473,0.03186014567788079
Under 65,Non-Hispanic Asian,2019-07-01,7.375838124647278,0.03163255652165269
Under 65,Non-Hispanic Asian,2019-08-01,7.575134433434647,0.03244637071892028
Under 65,Non-Hispanic Asian,2019-09-01,7.280536684184896,0.030999060825039466
Under 65,Non-Hispanic Asian,2019-10-01,7.4618980446143635,0.03154389515465717
Under 65,Non-Hispanic Asian,2019-11-01,7.1592981458680685,0.030231208962714574
Under 65,Non-Hispanic Asian,2019-12-01,8.214058541697597,0.03466999896589489
Under 65,Non-Hispanic Asian,2020-01-01,7.818444397681481,0.0327644519867402
Under 65,Non-Hispanic Asian,2020-02-01,7.965947071167163,0.033480820338257895
Under 65,Non-Hispanic Asian,2020-03-01,8.956014024089855,0.037374112176357166
Under 65,Non-Hispanic Asian,2020-04-01,11.844807056371218,0.047609064552654616
Under 65,Non-Hispanic Asian,2020-05-01,9.625462493098532,0.039849455554907834
Under 65,Non-Hispanic Asian,2020-06-01,8.3963433083457,0.03479924564824485
Under 65,Non-Hispanic Asian,2020-07-01,8.609788908980462,0.0354941730639249
Under 65,Non-Hispanic Asian,2020-08-01,8.492021972021428,0.03492632004427334
Under 65,Non-Hispanic Asian,2020-09-01,8.482821323918104,0.03494825575162154
Under 65,Non-Hispanic Asian,2020-10-01,8.483280707203608,0.03467367696374157
Under 65,Non-Hispanic Asian,2020-11-01,8.905727828395861,0.03647317535372984
Under 65,Non-Hispanic Asian,2020-12-01,11.4386007195124,0.046129119510533494
Under 65,Non-Hispanic Asian,2021-01-01,12.662640043716468,0.050736738729525825
Under 65,Non-Hispanic Asian,2021-02-01,10.059800907216307,0.04057703883369536
Under 65,Non-Hispanic Asian,2021-03-01,9.55697339932063,0.03869989771330459
Under 65,Non-Hispanic Asian,2021-04-01,8.969503361537686,0.036560138889434685
Under 65,Non-Hispanic Asian,2021-05-01,9.109943129886474,0.036831057479666945
Under 65,Non-Hispanic Asian,2021-06-01,7.619500108427885,0.0311372314248533
Under 65,Non-Hispanic Asian,2021-07-01,8.526155248288115,0.03491772052818302
Under 65,Non-Hispanic Asian,2021-08-01,9.945429770474425,0.04043188147678222
Under 65,Non-Hispanic Asian,2021-09-01,9.724329009192134,0.03962457945605842
Under 65,Non-Hispanic Asian,2021-10-01,9.602548993429954,0.03939382444915585
Under 65,Non-Hispanic Asian,2021-11-01,8.815243802390423,0.03622996927589177
Under 65,Non-Hispanic Asian,2021-12-01,8.85602659259846,0.036185294918070245
Under 65,Non-Hispanic Asian,2022-01-01,10.11634556416545,0.04081830182853821
Under 65,Non-Hispanic Asian,2022-02-01,8.15769513739163,0.03301031830957782
Under 65,Non-Hispanic Black,2018-01-01,32.90991976718875,0.06610273782345315
Under 65,Non-Hispanic Black,2018-02-01,27.822213459832703,0.05631646028642103
Under 65,Non-Hispanic Black,2018-03-01,30.0531138492939,0.06059913275419896
Under 65,Non-Hispanic Black,2018-04-01,28.74526216671502,0.05799549448351501
Under 65,Non-Hispanic Black,2018-05-01,29.025156646864456,0.05898150397209068
Under 65,Non-Hispanic Black,2018-06-01,28.13518922169497,0.056982868360047054
Under 65,Non-Hispanic Black,2018-07-01,29.25398386436091,0.059223066472122686
Under 65,Non-Hispanic Black,2018-08-01,28.784938766683517,0.05818705948938627
Under 65,Non-Hispanic Black,2018-09-01,28.112779781881343,0.05703924532272382
Under 65,Non-Hispanic Black,2018-10-01,29.020928466986135,0.05859339908080307
Under 65,Non-Hispanic Black,2018-11-01,28.794216910464367,0.05832868045592384
Under 65,Non-Hispanic Black,2018-12-01,30.12200026525108,0.06073606295928946
Under 65,Non-Hispanic Black,2019-01-01,30.332282114021403,0.06088777955202827
Under 65,Non-Hispanic Black,2019-02-01,27.78124714793938,0.05597446577743546
Under 65,Non-Hispanic Black,2019-03-01,30.38872026317525,0.06159040802267044
Under 65,Non-Hispanic Black,2019-04-01,28.479491062343033,0.05756140650376133
Under 65,Non-Hispanic Black,2019-05-01,30.018809478035195,0.06096584572777852
Under 65,Non-Hispanic Black,2019-06-01,28.770143105483015,0.058272605296987065
Under 65,Non-Hispanic Black,2019-07-01,29.963073819421606,0.06082200783508946
Under 65,Non-Hispanic Black,2019-08-01,28.805304156241345,0.05825404051071109
Under 65,Non-Hispanic Black,2019-09-01,28.032681211369052,0.056606971278280765
Under 65,Non-Hispanic Black,2019-10-01,29.100011890251228,0.058753563108309204
Under 65,Non-Hispanic Black,2019-11-01,29.89582016247996,0.06036646089788799
Under 65,Non-Hispanic Black,2019-12-01,31.53330812000794,0.06367053587512146
Under 65,Non-Hispanic Black,2020-01-01,31.999345635387613,0.06458356268300357
Under 65,Non-Hispanic Black,2020-02-01,29.785394964950125,0.05989295907722451
Under 65,Non-Hispanic Black,2020-03-01,34.3966898347082,0.0692609833545321
Under 65,Non-Hispanic Black,2020-04-01,44.48711074231395,0.0886776010762217
Under 65,Non-Hispanic Black,2020-05-01,39.19841269445142,0.07924094285717227
Under 65,Non-Hispanic Black,2020-06-01,36.299746172216224,0.0737884752204241
Under 65,Non-Hispanic Black,2020-07-01,40.619350306820174,0.0821925360024386
Under 65,Non-Hispanic Black,2020-08-01,38.390053189771336,0.07758095790349087
Under 65,Non-Hispanic Black,2020-09-01,34.93142355702559,0.07070887147666878
Under 65,Non-Hispanic Black,2020-10-01,36.07561791792852,0.07308822172922827
Under 65,Non-Hispanic Black,2020-11-01,36.24229223121819,0.0728561571966655
Under 65,Non-Hispanic Black,2020-12-01,41.89002503240696,0.0838087892473975
Under 65,Non-Hispanic Black,2021-01-01,43.64882537846276,0.08711438488222159
Under 65,Non-Hispanic Black,2021-02-01,36.076049248486,0.07244059201646583
Under 65,Non-Hispanic Black,2021-03-01,37.00944627954006,0.07476932335184021
Under 65,Non-Hispanic Black,2021-04-01,38.074163036318886,0.07735441707949386
Under 65,Non-Hispanic Black,2021-05-01,38.230956611751814,0.07752720373777074
Under 65,Non-Hispanic Black,2021-06-01,35.28014911485384,0.0717707775660268
Under 65,Non-Hispanic Black,2021-07-01,37.87055718956255,0.07703310961770277
Under 65,Non-Hispanic Black,2021-08-01,47.39866747229637,0.09714004620671006
Under 65,Non-Hispanic Black,2021-09-01,46.45796779678629,0.09505196918369549
Under 65,Non-Hispanic Black,2021-10-01,39.700369872971926,0.08071973328983303
Under 65,Non-Hispanic Black,2021-11-01,33.987559539908546,0.06894658288532658
Under 65,Non-Hispanic Black,2021-12-01,34.48987837912026,0.0699367715696346
Under 65,Non-Hispanic Black,2022-01-01,42.95554581693297,0.0862727673645874
Under 65,Non-Hispanic Black,2022-02-01,30.96712219690971,0.062473182475601186
Under 65,Hispanic,2018-01-01,15.09458990281892,0.0234970933315939
Under 65,Hispanic,2018-02-01,12.622762030867996,0.01959560558002461
Under 65,Hispanic,2018-03-01,13.589071068962962,0.021064066257117212
Under 65,Hispanic,2018-04-01,12.695838339510878,0.019595312441770193
Under 65,Hispanic,2018-05-01,13.374152753235954,0.020566985316041727
Under 65,Hispanic,2018-06-01,13.14559046458356,0.02018111122133072
Under 65,Hispanic,2018-07-01,13.631162639495958,0.020894720995315547
Under 65,Hispanic,2018-08-01,13.221480828477851,0.020271619853187733
Under 65,Hispanic,2018-09-01,12.761425649350663,0.01944787218269046
Under 65,Hispanic,2018-10-01,12.898168664047281,0.019725239925711048
Under 65,Hispanic,2018-11-01,13.007423600483214,0.0198392754904111
Under 65,Hispanic,2018-12-01,13.805006946226868,0.021070084267469015
Under 65,Hispanic,2019-01-01,14.189183160070073,0.021626594709248402
Under 65,Hispanic,2019-02-01,12.733780154421563,0.019364700857119603
Under 65,Hispanic,2019-03-01,14.057971219042749,0.02133179570221348
Under 65,Hispanic,2019-04-01,13.087744218231993,0.019748969376369628
Under 65,Hispanic,2019-05-01,13.211334930881124,0.019916764012379178
Under 65,Hispanic,2019-06-01,13.483042798532477,0.02029305354590858
Under 65,Hispanic,2019-07-01,13.6322694516612,0.020468243874379035
Under 65,Hispanic,2019-08-01,13.744334661173236,0.020633983576352852
Under 65,Hispanic,2019-09-01,13.356096948446776,0.020002089324538466
Under 65,Hispanic,2019-10-01,13.361653404676572,0.01997015770010449
Under 65,Hispanic,2019-11-01,13.529687365625454,0.02016815796589691
Under 65,Hispanic,2019-12-01,14.786267575966521,0.022001403774835254
Under 65,Hispanic,2020-01-01,14.863118899936273,0.022108477618996977
Under 65,Hispanic,2020-02-01,13.72199809361511,0.0203651937310882
Under 65,Hispanic,2020-03-01,15.475002183090345,0.02301889638567035
Under 65,Hispanic,2020-04-01,22.097378041471188,0.03311238513693724
Under 65,Hispanic,2020-05-01,19.549083670589358,0.029119144854307787
Under 65,Hispanic,2020-06-01,18.793075598082652,0.027867227335768106
Under 65,Hispanic,2020-07-01,23.385783405061503,0.03476506437774308
Under 65,Hispanic,2020-08-01,21.74415493137477,0.0321769126135875
Under 65,Hispanic,2020-09-01,17.603653223326734,0.025893961233225748
Under 65,Hispanic,2020-10-01,17.44520262655348,0.02561997566410483
Under 65,Hispanic,2020-11-01,19.81338511606074,0.029158816675375118
Under 65,Hispanic,2020-12-01,26.12206012916895,0.0385697548605436
Under 65,Hispanic,2021-01-01,30.226405812265998,0.044574634768535064
Under 65,Hispanic,2021-02-01,21.436090332516486,0.03139700922119977
Under 65,Hispanic,2021-03-01,18.948417181943633,0.027643460646468495
Under 65,Hispanic,2021-04-01,17.5183485447857,0.02550128401567788
Under 65,Hispanic,2021-05-01,17.673182050487675,0.025592322315864783
Under 65,Hispanic,2021-06-01,17.116088320819767,0.02474004194433339
Under 65,Hispanic,2021-07-01,17.969266604113162,0.026104975212425687
Under 65,Hispanic,2021-08-01,24.525718161283205,0.03599774905209667
Under 65,Hispanic,2021-09-01,26.0529973805469,0.038450722511655204
Under 65,Hispanic,2021-10-01,22.37184862979594,0.03289446079311976
Under 65,Hispanic,2021-11-01,19.601863642398,0.02879374882016873
Under 65,Hispanic,2021-12-01,20.36444834949053,0.030005135280759175
Under 65,Hispanic,2022-01-01,22.664181826508592,0.03353547626552638
Under 65,Hispanic,2022-02-01,17.108458972275983,0.025299234542135257
Under 65,More than one race,2018-01-01,11.964634450245068,0.21969132884042808
Under 65,More than one race,2018-02-01,10.257500741820696,0.18794351228720468
Under 65,More than one race,2018-03-01,11.284279363406984,0.20966979665512242
Under 65,More than one race,2018-04-01,10.42556704263819,0.18893208454279176
Under 65,More than one race,2018-05-01,11.245934778071863,0.20524942099634538
Under 65,More than one race,2018-06-01,10.676429076748496,0.1941171920050005
Under 65,More than one race,2018-07-01,10.96528250132116,0.19639450051026464
Under 65,More than one race,2018-08-01,11.177423760879554,0.19898860468478474
Under 65,More than one race,2018-09-01,9.876186244913958,0.17900121582266404
Under 65,More than one race,2018-10-01,9.664745564424635,0.17276534017977305
Under 65,More than one race,2018-11-01,10.682461206381518,0.19568227833569646
Under 65,More than one race,2018-12-01,10.913511942381282,0.1971301543338794
Under 65,More than one race,2019-01-01,11.432582328963687,0.20989922948985423
Under 65,More than one race,2019-02-01,10.15020013470345,0.18211470296919705
Under 65,More than one race,2019-03-01,11.613433202107595,0.2113898469624693
Under 65,More than one race,2019-04-01,11.421446170503089,0.20633881624174574
Under 65,More than one race,2019-05-01,11.126843048968759,0.19819169760812594
Under 65,More than one race,2019-06-01,11.572208520598501,0.20525053676258542
Under 65,More than one race,2019-07-01,10.260585377516442,0.17899462676513683
Under 65,More than one race,2019-08-01,10.582271483729318,0.18823141310782196
Under 65,More than one race,2019-09-01,11.204544060740423,0.19983567998358662
Under 65,More than one race,2019-10-01,10.170649786072628,0.1779588280353013
Under 65,More than one race,2019-11-01,9.762756887982649,0.1724948929596376
Under 65,More than one race,2019-12-01,10.966728976050604,0.19155954259524005
Under 65,More than one race,2020-01-01,11.92493077986086,0.20992426269774392
Under 65,More than one race,2020-02-01,10.98196838812635,0.19298365702830686
Under 65,More than one race,2020-03-01,11.873008062394042,0.21068171538124078
Under 65,More than one race,2020-04-01,13.00042225678261,0.2302735523715633
Under 65,More than one race,2020-05-01,13.855848079731526,0.24323202717307427
Under 65,More than one race,2020-06-01,12.698186073849874,0.22337265296947217
Under 65,More than one race,2020-07-01,14.07653072026227,0.24574990644562442
Under 65,More than one race,2020-08-01,12.292196930064218,0.21353095620432477
Under 65,More than one race,2020-09-01,11.62775005626194,0.20060135475766408
Under 65,More than one race,2020-10-01,14.123360021610535,0.2461437919681039
Under 65,More than one race,2020-11-01,12.851599651955054,0.21961769690039237
Under 65,More than one race,2020-12-01,15.07438940310874,0.2655948097799184
Under 65,More than one race,2021-01-01,16.660688027834166,0.2956455553682818
Under 65,More than one race,2021-02-01,12.593834607037271,0.21988230533704214
Under 65,More than one race,2021-03-01,13.507983718577359,0.2323924004279096
Under 65,More than one race,2021-04-01,13.054328529127496,0.22739869915559963
Under 65,More than one race,2021-05-01,13.540476056375596,0.2299645278326757
Under 65,More than one race,2021-06-01,13.239642743485152,0.22859163792159756
Under 65,More than one race,2021-07-01,14.507858784166846,0.24965618685748162
Under 65,More than one race,2021-08-01,16.52359278093322,0.2898855612103671
Under 65,More than one race,2021-09-01,17.05294671458945,0.3025430556412503
Under 65,More than one race,2021-10-01,16.262246503682917,0.2837775304261384
Under 65,More than one race,2021-11-01,14.208087406875004,0.25105717587403514
Under 65,More than one race,2021-12-01,14.326661909560475,0.25213003529978106
Under 65,More than one race,2022-01-01,15.596973919999733,0.2808387655314802
Under 65,More than one race,2022-02-01,12.507431210760998,0.2266681455262643
Under 65,Non-Hispanic Native Hawaiian or Other Pacific Islander,2018-01-01,29.601717993938028,4.262618106381098
Under 65,Non-Hispanic Native Hawaiian or Other Pacific Islander,2018-02-01,21.709999093631893,3.174790591715722
Under 65,Non-Hispanic Native Hawaiian or Other Pacific Islander,2018-03-01,25.062195027929434,3.5964404160239023
Under 65,Non-Hispanic Native Hawaiian or Other Pacific Islander,2018-04-01,24.026071572388116,3.5032788089276394
Under 65,Non-Hispanic Native Hawaiian or Other Pacific Islander,2018-05-01,25.086004455252578,3.606050776761161
Under 65,Non-Hispanic Native Hawaiian or Other Pacific Islander,2018-06-01,27.409113660596567,3.9372816389671517
Under 65,Non-Hispanic Native Hawaiian or Other Pacific Islander,2018-07-01,24.064009244975484,3.483729623720896
Under 65,Non-Hispanic Native Hawaiian or Other Pacific Islander,2018-08-01,24.60274427678299,3.6660105921770123
Under 65,Non-Hispanic Native Hawaiian or Other Pacific Islander,2018-09-01,26.785880041681274,3.8460966750372414
Under 65,Non-Hispanic Native Hawaiian or Other Pacific Islander,2018-10-01,22.776987282682175,3.2133589285170827
Under 65,Non-Hispanic Native Hawaiian or Other Pacific Islander,2018-11-01,20.239814678760386,2.8796329630197306
Under 65,Non-Hispanic Native Hawaiian or Other Pacific Islander,2018-12-01,23.445983483242227,3.344458449478996
Under 65,Non-Hispanic Native Hawaiian or Other Pacific Islander,2019-01-01,28.795274861981785,4.090766342459529
Under 65,Non-Hispanic Native Hawaiian or Other Pacific Islander,2019-02-01,22.85328671734651,3.2341297024537985
Under 65,Non-Hispanic Native Hawaiian or Other Pacific Islander,2019-03-01,27.898689805014413,3.9174797940515025
Under 65,Non-Hispanic Native Hawaiian or Other Pacific Islander,2019-04-01,25.943364727322848,3.683938411544148
Under 65,Non-Hispanic Native Hawaiian or Other Pacific Islander,2019-05-01,26.89431078034756,3.8702013492283514
Under 65,Non-Hispanic Native Hawaiian or Other Pacific Islander,2019-06-01,24.5325802331675,3.558862804233819
Under 65,Non-Hispanic Native Hawaiian or Other Pacific Islander,2019-07-01,25.523219085072,3.557941452605844
Under 65,Non-Hispanic Native Hawaiian or Other Pacific Islander,2019-08-01,23.710354882198697,3.380388327760321
Under 65,Non-Hispanic Native Hawaiian or Other Pacific Islander,2019-09-01,23.077877773413967,3.217422695822388
Under 65,Non-Hispanic Native Hawaiian or Other Pacific Islander,2019-10-01,26.888125873493095,3.7963492064944666
Under 65,Non-Hispanic Native Hawaiian or Other Pacific Islander,2019-11-01,24.74561581616056,3.488013245012333
Under 65,Non-Hispanic Native Hawaiian or Other Pacific Islander,2019-12-01,26.949114761325504,3.8408646323186106
Under 65,Non-Hispanic Native Hawaiian or Other Pacific Islander,2020-01-01,26.427004778042313,3.5911816108197665
Under 65,Non-Hispanic Native Hawaiian or Other Pacific Islander,2020-02-01,22.60037709322814,3.1189392519559753
Under 65,Non-Hispanic Native Hawaiian or Other Pacific Islander,2020-03-01,29.50681676747527,4.090327009376335
Under 65,Non-Hispanic Native Hawaiian or Other Pacific Islander,2020-04-01,30.181442157604888,4.186264053133948
Under 65,Non-Hispanic Native Hawaiian or Other Pacific Islander,2020-05-01,35.43781541283598,5.063411173093441
Under 65,Non-Hispanic Native Hawaiian or Other Pacific Islander,2020-06-01,29.552812797707883,4.090104907314809
Under 65,Non-Hispanic Native Hawaiian or Other Pacific Islander,2020-07-01,41.24717529412533,5.76966209968076
Under 65,Non-Hispanic Native Hawaiian or Other Pacific Islander,2020-08-01,32.00116281148121,4.3804643304642035
Under 65,Non-Hispanic Native Hawaiian or Other Pacific Islander,2020-09-01,29.877097502911262,4.109106189026802
Under 65,Non-Hispanic Native Hawaiian or Other Pacific Islander,2020-10-01,37.062112815400205,5.1879402144900055
Under 65,Non-Hispanic Native Hawaiian or Other Pacific Islander,2020-11-01,32.544639892209794,4.45581607199241
Under 65,Non-Hispanic Native Hawaiian or Other Pacific Islander,2020-12-01,41.45700599917912,5.635480128465432
Under 65,Non-Hispanic Native Hawaiian or Other Pacific Islander,2021-01-01,40.2937626851391,5.497345302903047
Under 65,Non-Hispanic Native Hawaiian or Other Pacific Islander,2021-02-01,30.636055396227988,4.168697116456879
Under 65,Non-Hispanic Native Hawaiian or Other Pacific Islander,2021-03-01,37.84922656345511,5.21645151945861
Under 65,Non-Hispanic Native Hawaiian or Other Pacific Islander,2021-04-01,31.987257870800967,4.429010806053962
Under 65,Non-Hispanic Native Hawaiian or Other Pacific Islander,2021-05-01,29.59477106084414,3.9823488239615625
Under 65,Non-Hispanic Native Hawaiian or Other Pacific Islander,2021-06-01,35.16085137700792,4.851737632563428
Under 65,Non-Hispanic Native Hawaiian or Other Pacific Islander,2021-07-01,38.413980441812754,5.334290979366414
Under 65,Non-Hispanic Native Hawaiian or Other Pacific Islander,2021-08-01,57.66696969449247,7.907243697736426
Under 65,Non-Hispanic Native Hawaiian or Other Pacific Islander,2021-09-01,55.33128640263762,7.673314231237045
Under 65,Non-Hispanic Native Hawaiian or Other Pacific Islander,2021-10-01,42.73954557965146,5.897440672964113
Under 65,Non-Hispanic Native Hawaiian or Other Pacific Islander,2021-11-01,41.72879382339911,5.860310591745647
Under 65,Non-Hispanic Native Hawaiian or Other Pacific Islander,2021-12-01,39.29618286215752,5.4427998940037305
Under 65,Non-Hispanic Native Hawaiian or Other Pacific Islander,2022-01-01,39.230226294678225,5.522729461408944
Under 65,Non-Hispanic Native Hawaiian or Other Pacific Islander,2022-02-01,30.067870342775606,4.214060985173298
Under 65,Non-Hispanic White,2018-01-01,21.51008643439295,0.008816987998073279
Under 65,Non-Hispanic White,2018-02-01,18.526844954997333,0.007651748272366692
Under 65,Non-Hispanic White,2018-03-01,19.918358216077426,0.008256884115005313
Under 65,Non-Hispanic White,2018-04-01,18.74753139152172,0.0077952892028035955
Under 65,Non-Hispanic White,2018-05-01,19.221708769619344,0.00802365157957538
Under 65,Non-Hispanic White,2018-06-01,19.045820806941677,0.007984454451823969
Under 65,Non-Hispanic White,2018-07-01,19.61135005831136,0.008249093415311813
Under 65,Non-Hispanic White,2018-08-01,19.333715578421756,0.008112099204700308
Under 65,Non-Hispanic White,2018-09-01,18.656408417378984,0.007871588571758884
Under 65,Non-Hispanic White,2018-10-01,19.32645363493201,0.008108377752282372
Under 65,Non-Hispanic White,2018-11-01,18.613831811680225,0.0077562379093624
Under 65,Non-Hispanic White,2018-12-01,19.585836470024276,0.008130162499662872
Under 65,Non-Hispanic White,2019-01-01,19.989269060108835,0.008290697617553373
Under 65,Non-Hispanic White,2019-02-01,18.085913950369576,0.007509747552859575
Under 65,Non-Hispanic White,2019-03-01,19.95831812589565,0.008306318949000044
Under 65,Non-Hispanic White,2019-04-01,18.84780032279941,0.007898785792367866
Under 65,Non-Hispanic White,2019-05-01,19.360150400829276,0.008141011431073509
Under 65,Non-Hispanic White,2019-06-01,18.735823611295952,0.007928914706758024
Under 65,Non-Hispanic White,2019-07-01,19.429361355551453,0.008228432322684031
Under 65,Non-Hispanic White,2019-08-01,19.061596391296224,0.008083130535470965
Under 65,Non-Hispanic White,2019-09-01,18.476976674696306,0.00784798159681386
Under 65,Non-Hispanic White,2019-10-01,19.188803839639586,0.008114785158105776
Under 65,Non-Hispanic White,2019-11-01,19.052586544519155,0.008031397216372043
Under 65,Non-Hispanic White,2019-12-01,19.965162857801285,0.008396498939479262
Under 65,Non-Hispanic White,2020-01-01,20.608096698956192,0.008692236638808486
Under 65,Non-Hispanic White,2020-02-01,19.2213371858561,0.008101536923722735
Under 65,Non-Hispanic White,2020-03-01,20.786068112325854,0.008790232959612067
Under 65,Non-Hispanic White,2020-04-01,21.52397436721778,0.009105846331776482
Under 65,Non-Hispanic White,2020-05-01,22.127703183801703,0.009512476588885793
Under 65,Non-Hispanic White,2020-06-01,21.018334432529585,0.009047651443178711
Under 65,Non-Hispanic White,2020-07-01,22.635862704205017,0.009742469175743574
Under 65,Non-Hispanic White,2020-08-01,22.37254346698649,0.009602116312220889
Under 65,Non-Hispanic White,2020-09-01,20.97008828402702,0.009007514057546982
Under 65,Non-Hispanic White,2020-10-01,21.559464862335098,0.00920644483352049
Under 65,Non-Hispanic White,2020-11-01,22.122389856972546,0.009422924939927997
Under 65,Non-Hispanic White,2020-12-01,24.643375973453704,0.010367863555102412
Under 65,Non-Hispanic White,2021-01-01,25.247053572251552,0.01067830812267203
Under 65,Non-Hispanic White,2021-02-01,21.130182188498527,0.009008296638026183
Under 65,Non-Hispanic White,2021-03-01,22.528964730466214,0.009749308778257113
Under 65,Non-Hispanic White,2021-04-01,22.239688218534276,0.009631159003881331
Under 65,Non-Hispanic White,2021-05-01,22.636949680098887,0.009825442954883344
Under 65,Non-Hispanic White,2021-06-01,21.99886576174726,0.009605053803496202
Under 65,Non-Hispanic White,2021-07-01,22.80645740272797,0.009956461286677782
Under 65,Non-Hispanic White,2021-08-01,27.25387543204067,0.01179221397599614
Under 65,Non-Hispanic White,2021-09-01,28.685410719161847,0.012365338827107887
Under 65,Non-Hispanic White,2021-10-01,25.99751714514609,0.011199553139365548
Under 65,Non-Hispanic White,2021-11-01,23.026760572689206,0.009820512695084504
Under 65,Non-Hispanic White,2021-12-01,24.100504616851754,0.010194310085877248
Under 65,Non-Hispanic White,2022-01-01,25.36760849445612,0.010543945033586993
Under 65,Non-Hispanic White,2022-02-01,19.816959699185354,0.008266078689932559
